lux_value,timestamp
0.4992000000000003,2020-11-29 20:36:48.397229
0.4992000000000003,2020-11-29 20:38:48.420021
0.4992000000000003,2020-11-29 20:40:48.442569
0.4992000000000003,2020-11-29 20:42:48.466244
0.4992000000000003,2020-11-29 20:44:48.485993
0.4992000000000003,2020-11-29 20:46:48.508326
0.4992000000000003,2020-11-29 20:48:48.530759
0.4992000000000003,2020-11-29 20:50:48.553230
0.4992000000000003,2020-11-29 20:52:48.575674
0.4992000000000003,2020-11-29 20:54:48.596680
0.4992000000000003,2020-11-29 20:56:48.619054
0.4992000000000003,2020-11-29 20:58:48.642849
0.2544000000000004,2020-11-29 21:00:48.665429
0.2544000000000004,2020-11-29 21:02:48.687925
0.2544000000000004,2020-11-29 21:04:48.708072
0.2544000000000004,2020-11-29 21:06:48.730739
0.2544000000000004,2020-11-29 21:08:48.753216
0.2544000000000004,2020-11-29 21:10:48.775694
0.2544000000000004,2020-11-29 21:12:48.799288
0.2544000000000004,2020-11-29 21:14:48.821468
0.2544000000000004,2020-11-29 21:16:48.844039
0.2544000000000004,2020-11-29 21:18:48.866683
0.2544000000000004,2020-11-29 21:20:48.889156
0.2544000000000004,2020-11-29 21:22:48.911659
0.2544000000000004,2020-11-29 21:24:48.933913
0.2544000000000004,2020-11-29 21:26:48.956362
0.2544000000000004,2020-11-29 21:28:48.980024
0.2544000000000004,2020-11-29 21:30:49.002587
0.2544000000000004,2020-11-29 21:32:49.025109
0.2544000000000004,2020-11-29 21:34:49.047444
0.2544000000000004,2020-11-29 21:36:49.069999
0.2544000000000004,2020-11-29 21:38:49.092570
0.2544000000000004,2020-11-29 21:40:49.115185
0.2544000000000004,2020-11-29 21:42:49.137703
0.2544000000000004,2020-11-29 21:44:49.160107
0.2544000000000004,2020-11-29 21:46:49.182660
0.2544000000000004,2020-11-29 21:48:49.205135
0.4592000000000005,2020-11-29 21:50:49.227907
0.4592000000000005,2020-11-29 21:52:49.252724
0.4592000000000005,2020-11-29 21:54:49.277350
0.4592000000000005,2020-11-29 21:56:49.301780
0.4592000000000005,2020-11-29 21:58:49.326563
0.4592000000000005,2020-11-29 22:00:49.349513
0.4592000000000005,2020-11-29 22:02:49.373830
0.2544000000000004,2020-11-29 22:04:49.396411
0.4592000000000005,2020-11-29 22:06:49.419092
0.2544000000000004,2020-11-29 22:08:49.441738
0.2544000000000004,2020-11-29 22:10:49.465241
0.2944000000000002,2020-11-29 22:12:49.487840
0.2944000000000002,2020-11-29 22:14:49.501958
0.2944000000000002,2020-11-29 22:16:49.524249
0.2944000000000002,2020-11-29 22:18:49.546772
0.2944000000000002,2020-11-29 22:20:49.569983
0.2944000000000002,2020-11-29 22:22:49.593081
0.2944000000000002,2020-11-29 22:24:49.616102
0.4992000000000003,2020-11-29 22:26:49.638866
0.2944000000000002,2020-11-29 22:28:49.662546
0.2944000000000002,2020-11-29 22:30:49.685200
0.2944000000000002,2020-11-29 22:32:49.707778
0.2944000000000002,2020-11-29 22:34:49.730227
0.4992000000000003,2020-11-29 22:36:49.752894
0.4992000000000003,2020-11-29 22:38:49.775537
0.2944000000000002,2020-11-29 22:40:49.798078
0.2944000000000002,2020-11-29 22:42:49.820727
0.4992000000000003,2020-11-29 22:44:49.843172
0.4992000000000003,2020-11-29 22:46:49.865731
0.4992000000000003,2020-11-29 22:48:49.888238
0.4992000000000003,2020-11-29 22:50:49.910851
0.4992000000000003,2020-11-29 22:52:49.933327
0.4592000000000005,2020-11-29 22:54:49.955693
0.4592000000000005,2020-11-29 22:56:49.978185
0.4592000000000005,2020-11-29 22:58:50.000767
0.4592000000000005,2020-11-29 23:00:50.023265
0.4592000000000005,2020-11-29 23:02:50.045755
0.4592000000000005,2020-11-29 23:04:50.068167
0.2544000000000004,2020-11-29 23:06:50.090738
0.2544000000000004,2020-11-29 23:08:50.113246
0.2544000000000004,2020-11-29 23:10:50.135748
0.2544000000000004,2020-11-29 23:12:50.158214
0.2544000000000004,2020-11-29 23:14:50.180722
0.2544000000000004,2020-11-29 23:16:50.203276
0.4592000000000005,2020-11-29 23:18:50.225786
,2020-11-29 23:20:50.235021
,2020-11-29 23:22:50.244241
,2020-11-29 23:24:50.253313
,2020-11-29 23:26:50.262512
,2020-11-29 23:28:50.271750
,2020-11-29 23:30:50.281040
,2020-11-29 23:32:50.290248
,2020-11-29 23:34:50.299481
,2020-11-29 23:36:50.308657
,2020-11-29 23:38:50.317910
,2020-11-29 23:40:50.327221
,2020-11-29 23:42:50.336478
,2020-11-29 23:44:50.345560
,2020-11-29 23:46:50.354768
,2020-11-29 23:48:50.364103
,2020-11-29 23:50:50.373315
,2020-11-29 23:52:50.382559
,2020-11-29 23:54:50.391637
,2020-11-29 23:56:50.400880
0.4864,2020-11-29 23:58:50.423350
,2020-11-30 00:00:50.432681
,2020-11-30 00:02:50.441832
551.7935434314405,2020-11-30 00:04:50.465754
557.0000203258388,2020-11-30 00:06:50.488227
543.0346985545318,2020-11-30 00:08:50.510797
553.6434197599258,2020-11-30 00:10:50.533335
555.0273923445651,2020-11-30 00:12:50.555874
555.2241111768127,2020-11-30 00:14:50.578313
555.5543722052648,2020-11-30 00:16:50.600934
556.0813127144313,2020-11-30 00:18:50.623463
555.7509296532586,2020-11-30 00:20:50.647238
556.8044490047482,2020-11-30 00:22:50.669765
556.6082139374374,2020-11-30 00:24:50.692271
556.8044490047482,2020-11-30 00:26:50.714771
557.3311500100442,2020-11-30 00:28:50.737293
557.8578119882872,2020-11-30 00:30:50.759916
557.8578119882872,2020-11-30 00:32:50.782510
557.3311500100442,2020-11-30 00:34:50.804988
557.3311500100442,2020-11-30 00:36:50.828815
557.3311500100442,2020-11-30 00:38:50.852029
556.2777089075029,2020-11-30 00:40:50.874577
555.4201663815401,2020-11-30 00:42:50.897051
554.0358342379664,2020-11-30 00:44:50.919572
553.1780205875239,2020-11-30 00:46:50.942084
552.3200279418904,2020-11-30 00:48:50.964592
550.9354547441183,2020-11-30 00:50:50.988350
540.0696446364287,2020-11-30 00:52:51.011025
532.885752345027,2020-11-30 00:54:51.033530
531.1735833119895,2020-11-30 00:56:51.056073
532.4258828921261,2020-11-30 00:58:51.078634
533.6766571811063,2020-11-30 01:00:51.101213
533.7905197195234,2020-11-30 01:02:51.123706
529.6817945973162,2020-11-30 01:04:51.146152
529.3862653235451,2020-11-30 01:06:51.169939
529.0486806119684,2020-11-30 01:08:51.192543
530.09770656536,2020-11-30 01:10:51.215133
532.6843655804535,2020-11-30 01:12:51.237757
533.5042831718062,2020-11-30 01:14:51.260279
528.057188158338,2020-11-30 01:16:51.282937
527.3383675414202,2020-11-30 01:18:51.305572
532.9311164968884,2020-11-30 01:20:51.328102
537.1363386541268,2020-11-30 01:22:51.352074
538.5220108938646,2020-11-30 01:24:51.374599
539.0475335286217,2020-11-30 01:26:51.397172
539.3820126504331,2020-11-30 01:28:51.419668
538.997893059809,2020-11-30 01:30:51.442238
539.605618311275,2020-11-30 01:32:51.464734
539.2128042494395,2020-11-30 01:34:51.487210
539.5425303314504,2020-11-30 01:36:51.509757
539.5425303314504,2020-11-30 01:38:51.533888
539.0153753789427,2020-11-30 01:40:51.556452
539.0153753789427,2020-11-30 01:42:51.579757
538.4881797092888,2020-11-30 01:44:51.602473
538.8172688097126,2020-11-30 01:46:51.625625
538.8172688097126,2020-11-30 01:48:51.648645
539.3445897860729,2020-11-30 01:50:51.671697
538.8172688097126,2020-11-30 01:52:51.694967
538.8172688097126,2020-11-30 01:54:51.717496
538.2899069794904,2020-11-30 01:56:51.740122
538.2899069794904,2020-11-30 01:58:51.762724
538.8172688097126,2020-11-30 02:00:51.785346
538.2899069794904,2020-11-30 02:02:51.807914
538.2899069794904,2020-11-30 02:04:51.830376
538.2899069794904,2020-11-30 02:06:51.852936
537.7625042254363,2020-11-30 02:08:51.877017
538.2899069794904,2020-11-30 02:10:51.899618
538.2899069794904,2020-11-30 02:12:51.922137
538.2899069794904,2020-11-30 02:14:51.944618
538.2899069794904,2020-11-30 02:16:51.967190
538.8172688097126,2020-11-30 02:18:51.989773
538.2899069794904,2020-11-30 02:20:52.012345
537.7625042254363,2020-11-30 02:22:52.036355
538.2899069794904,2020-11-30 02:24:52.058993
538.2899069794904,2020-11-30 02:26:52.081634
538.2899069794904,2020-11-30 02:28:52.105105
538.2899069794904,2020-11-30 02:30:52.127826
537.7625042254363,2020-11-30 02:32:52.150394
537.9609432527028,2020-11-30 02:34:52.172892
538.2899069794904,2020-11-30 02:36:52.195526
537.7625042254363,2020-11-30 02:38:52.218032
538.2899069794904,2020-11-30 02:40:52.240711
538.8172688097126,2020-11-30 02:42:52.263229
539.3445897860729,2020-11-30 02:44:52.285704
538.2899069794904,2020-11-30 02:46:52.308160
539.3445897860729,2020-11-30 02:48:52.330764
539.5425303314504,2020-11-30 02:50:52.353344
540.0696446364287,2020-11-30 02:52:52.375749
540.0696446364287,2020-11-30 02:54:52.399500
540.3991094562429,2020-11-30 02:56:52.421948
540.9263082891482,2020-11-30 02:58:52.444333
541.9805842970802,2020-11-30 03:00:52.466790
541.4534665463844,2020-11-30 03:02:52.489238
541.9805842970802,2020-11-30 03:04:52.511701
541.4534665463844,2020-11-30 03:06:52.534261
541.9805842970802,2020-11-30 03:08:52.556755
541.9805842970802,2020-11-30 03:10:52.579162
541.9805842970802,2020-11-30 03:12:52.601679
542.5076616101974,2020-11-30 03:14:52.624130
542.5076616101974,2020-11-30 03:16:52.646647
543.0346985545318,2020-11-30 03:18:52.669030
542.5076616101974,2020-11-30 03:20:52.691439
542.7046088732031,2020-11-30 03:22:52.713938
542.7046088732031,2020-11-30 03:24:52.737649
542.7046088732031,2020-11-30 03:26:52.760101
543.2314807455595,2020-11-30 03:28:52.782582
543.0346985545318,2020-11-30 03:30:52.805092
543.0346985545318,2020-11-30 03:32:52.827555
543.5616951987137,2020-11-30 03:34:52.850058
543.2314807455595,2020-11-30 03:36:52.873390
543.7583124530156,2020-11-30 03:38:52.895813
542.7046088732031,2020-11-30 03:40:52.919596
543.2314807455595,2020-11-30 03:42:52.942211
544.0886516112078,2020-11-30 03:44:52.964995
543.2314807455595,2020-11-30 03:46:52.987813
544.0886516112078,2020-11-30 03:48:53.010599
543.2314807455595,2020-11-30 03:50:53.033531
543.7583124530156,2020-11-30 03:52:53.056244
543.7583124530156,2020-11-30 03:54:53.079210
543.7583124530156,2020-11-30 03:56:53.103332
543.2314807455595,2020-11-30 03:58:53.126024
543.2314807455595,2020-11-30 04:00:53.148934
543.2314807455595,2020-11-30 04:02:53.171475
542.1776967674983,2020-11-30 04:04:53.194185
542.7046088732031,2020-11-30 04:06:53.216873
543.2314807455595,2020-11-30 04:08:53.239642
543.7583124530156,2020-11-30 04:10:53.262329
544.8118556461967,2020-11-30 04:12:53.286221
544.8118556461967,2020-11-30 04:14:53.309068
544.8118556461967,2020-11-30 04:16:53.331932
543.7583124530156,2020-11-30 04:18:53.354639
544.285104063855,2020-11-30 04:20:53.377238
543.7583124530156,2020-11-30 04:22:53.399760
543.2314807455595,2020-11-30 04:24:53.422188
543.2314807455595,2020-11-30 04:26:53.445871
543.7583124530156,2020-11-30 04:28:53.468358
543.4275848965153,2020-11-30 04:30:53.491057
543.7583124530156,2020-11-30 04:32:53.513489
543.7583124530156,2020-11-30 04:34:53.535848
542.9008781379806,2020-11-30 04:36:53.558258
543.9542516256358,2020-11-30 04:38:53.580855
543.4275848965153,2020-11-30 04:40:53.603306
543.9542516256358,2020-11-30 04:42:53.627073
542.9008781379806,2020-11-30 04:44:53.649720
542.3741312817656,2020-11-30 04:46:53.672214
542.9008781379806,2020-11-30 04:48:53.694651
542.9008781379806,2020-11-30 04:50:53.717074
542.9008781379806,2020-11-30 04:52:53.739596
541.8473442594393,2020-11-30 04:54:53.762185
543.4275848965153,2020-11-30 04:56:53.784586
542.9008781379806,2020-11-30 04:58:53.808557
542.3741312817656,2020-11-30 05:00:53.831084
542.0432636069114,2020-11-30 05:02:53.853501
542.3741312817656,2020-11-30 05:04:53.876001
541.5166019131395,2020-11-30 05:06:53.898379
536.6412096486894,2020-11-30 05:08:53.920864
537.1679421238584,2020-11-30 05:10:53.943302
537.6946340842334,2020-11-30 05:12:53.965709
538.5521840800923,2020-11-30 05:14:53.988212
538.7478967393021,2020-11-30 05:16:54.010734
540.9899000523508,2020-11-30 05:18:54.033230
540.9899000523508,2020-11-30 05:20:54.055668
540.1322749339006,2020-11-30 05:22:54.078084
540.6588913200194,2020-11-30 05:24:54.100736
537.1679421238584,2020-11-30 05:26:54.123202
540.6588913200194,2020-11-30 05:28:54.145688
539.605618311275,2020-11-30 05:30:54.169011
540.1322749339006,2020-11-30 05:32:54.191627
541.1854675385244,2020-11-30 05:34:54.214240
541.5166019131395,2020-11-30 05:36:54.236727
543.096466767553,2020-11-30 05:38:54.259205
544.4808783934434,2020-11-30 05:40:54.281731
539.2744675729226,2020-11-30 05:42:54.304273
537.6946340842334,2020-11-30 05:44:54.326871
539.2744675729226,2020-11-30 05:46:54.349432
539.2744675729226,2020-11-30 05:48:54.372064
539.2744675729226,2020-11-30 05:50:54.395016
538.5521840800923,2020-11-30 05:52:54.417741
539.0789213830818,2020-11-30 05:54:54.440701
539.605618311275,2020-11-30 05:56:54.463506
539.0789213830818,2020-11-30 05:58:54.486079
540.1322749339006,2020-11-30 06:00:54.509032
546.0605196075448,2020-11-30 06:02:54.531711
546.5869872078417,2020-11-30 06:04:54.554454
545.0074652678754,2020-11-30 06:06:54.576895
540.6588913200194,2020-11-30 06:08:54.599577
540.1322749339006,2020-11-30 06:10:54.622578
540.6588913200194,2020-11-30 06:12:54.645533
540.1322749339006,2020-11-30 06:14:54.669615
541.7120036581423,2020-11-30 06:16:54.692395
546.5869872078417,2020-11-30 06:18:54.715002
539.605618311275,2020-11-30 06:20:54.738109
541.7120036581423,2020-11-30 06:22:54.760977
541.7120036581423,2020-11-30 06:24:54.783668
540.6588913200194,2020-11-30 06:26:54.806271
540.1322749339006,2020-11-30 06:28:54.829418
540.6588913200194,2020-11-30 06:30:54.853378
541.7120036581423,2020-11-30 06:32:54.875974
542.0432636069114,2020-11-30 06:34:54.899071
544.1495100809182,2020-11-30 06:36:54.921759
546.9184630472466,2020-11-30 06:38:54.944488
546.9184630472466,2020-11-30 06:40:54.969819
547.9715283358898,2020-11-30 06:42:54.993426
542.5698852022449,2020-11-30 06:44:55.016107
543.096466767553,2020-11-30 06:46:55.040869
542.5698852022449,2020-11-30 06:48:55.063534
543.096466767553,2020-11-30 06:50:55.088569
548.4980016123861,2020-11-30 06:52:55.111271
548.8294601133126,2020-11-30 06:54:55.133916
547.9715283358898,2020-11-30 06:56:55.156485
542.2384997474323,2020-11-30 06:58:55.179073
541.1854675385244,2020-11-30 07:00:55.203265
542.5698852022449,2020-11-30 07:02:55.225751
0.00544,2020-11-30 07:04:55.248202
0.00544,2020-11-30 07:06:55.270774
0.22100458301084247,2020-11-30 07:08:55.293355
0.22100458301084247,2020-11-30 07:10:55.316322
0.8199611371425638,2020-11-30 07:12:55.339153
0.8199611371425638,2020-11-30 07:14:55.361821
1.3758456159214707,2020-11-30 07:16:55.385790
0.44200916602168494,2020-11-30 07:18:55.408524
1.0568006311801892,2020-11-30 07:20:55.432389
1.0568006311801892,2020-11-30 07:22:55.455223
1.6399222742851276,2020-11-30 07:24:55.477231
2.2027723712899485,2020-11-30 07:26:55.500041
1.8809714626813268,2020-11-30 07:28:55.522772
1.8809714626813268,2020-11-30 07:30:55.546631
2.4598834114276915,2020-11-30 07:32:55.570717
3.025424668711382,2020-11-30 07:34:55.593383
2.7028840454343745,2020-11-30 07:36:55.615960
3.279844548570255,2020-11-30 07:38:55.639097
3.846814119840239,2020-11-30 07:40:55.662051
2.9387169977308423,2020-11-30 07:42:55.684656
3.523971447341144,2020-11-30 07:44:55.707247
4.09980568571282,2020-11-30 07:46:55.729994
4.66766082492812,2020-11-30 07:48:55.754006
4.344665773766837,2020-11-30 07:50:55.776965
4.344665773766837,2020-11-30 07:52:55.799562
4.919766822855383,2020-11-30 07:54:55.822146
4.919766822855383,2020-11-30 07:56:55.844724
4.919766822855383,2020-11-30 07:58:55.867276
5.4882247810645755,2020-11-30 08:00:55.892164
5.4882247810645755,2020-11-30 08:02:55.916225
5.16514224650922,2020-11-30 08:04:55.942469
6.308622772945456,2020-11-30 08:06:55.965222
6.308622772945456,2020-11-30 08:08:55.987969
5.985485408970477,2020-11-30 08:10:56.013094
5.985485408970477,2020-11-30 08:12:56.034317
6.22698861248756,2020-11-30 08:14:56.056787
6.805741067604499,2020-11-30 08:16:56.079275
6.805741067604499,2020-11-30 08:18:56.103072
7.379650234283074,2020-11-30 08:20:56.127007
7.379650234283074,2020-11-30 08:22:56.149569
7.047942894682288,2020-11-30 08:24:56.172086
7.047942894682288,2020-11-30 08:26:56.194789
7.047942894682288,2020-11-30 08:28:56.217464
7.047942894682288,2020-11-30 08:30:56.242136
7.379650234283074,2020-11-30 08:32:56.265270
6.805741067604499,2020-11-30 08:34:56.287852
6.805741067604499,2020-11-30 08:36:56.310841
6.805741067604499,2020-11-30 08:38:56.333450
6.805741067604499,2020-11-30 08:40:56.356836
6.805741067604499,2020-11-30 08:42:56.379486
6.805741067604499,2020-11-30 08:44:56.402403
6.805741067604499,2020-11-30 08:46:56.425267
7.12891504985144,2020-11-30 08:48:56.448160
6.805741067604499,2020-11-30 08:50:56.473663
7.379650234283074,2020-11-30 08:52:56.496299
7.625936198719418,2020-11-30 08:54:56.519231
7.625936198719418,2020-11-30 08:56:56.541967
7.2871226327324905,2020-11-30 08:58:56.564647
8.19961137142564,2020-11-30 09:00:56.588282
7.625936198719418,2020-11-30 09:02:56.610918
8.446087722959234,2020-11-30 09:04:56.633593
8.108652136303128,2020-11-30 09:06:56.656123
8.689331547533675,2020-11-30 09:08:56.678707
8.689331547533675,2020-11-30 09:10:56.704103
8.689331547533675,2020-11-30 09:12:56.727010
9.26620679144771,2020-11-30 09:14:56.750004
8.346289694774017,2020-11-30 09:16:56.773070
8.346289694774017,2020-11-30 09:18:56.796202
8.929924312758914,2020-11-30 09:20:56.819567
8.929924312758914,2020-11-30 09:22:56.844594
8.929924312758914,2020-11-30 09:24:56.867101
8.929924312758914,2020-11-30 09:26:56.890621
8.929924312758914,2020-11-30 09:28:56.913280
8.929924312758914,2020-11-30 09:30:56.939719
8.58201877760457,2020-11-30 09:32:56.962435
8.58201877760457,2020-11-30 09:34:56.986613
9.168315302033161,2020-11-30 09:36:57.009288
9.168315302033161,2020-11-30 09:38:57.031950
16.311421780005357,2020-11-30 09:40:57.056747
16.908810098883027,2020-11-30 09:42:57.079550
16.908810098883027,2020-11-30 09:44:57.102219
15.940191184037268,2020-11-30 09:46:57.124986
16.39541649063677,2020-11-30 09:48:57.147841
16.997341509595486,2020-11-30 09:50:57.172416
17.597379274283256,2020-11-30 09:52:57.195207
17.22525103857323,2020-11-30 09:54:57.217798
17.826094723183076,2020-11-30 09:56:57.240343
17.452838086635317,2020-11-30 09:58:57.262964
17.680124760205743,2020-11-30 10:00:57.285915
18.28247894564431,2020-11-30 10:02:57.309488
17.90713118755082,2020-11-30 10:04:57.332091
18.133875735500965,2020-11-30 10:06:57.356020
18.36037519825307,2020-11-30 10:08:57.378752
17.979930948959666,2020-11-30 10:10:57.403423
18.812699151391573,2020-11-30 10:12:57.426014
20.02233128832829,2020-11-30 10:14:57.448813
20.24936952916874,2020-11-30 10:16:57.471420
20.47617397143128,2020-11-30 10:18:57.493998
20.47617397143128,2020-11-30 10:20:57.518782
19.795044800280962,2020-11-30 10:22:57.541589
20.24936952916874,2020-11-30 10:24:57.564232
19.870982546306724,2020-11-30 10:26:57.587083
19.339663069285884,2020-11-30 10:28:57.609720
20.85241219314238,2020-11-30 10:30:57.634022
20.92913385118087,2020-11-30 10:32:57.656659
21.53392759144782,2020-11-30 10:34:57.679486
21.760650882601155,2020-11-30 10:36:57.703396
20.997002156088218,2020-11-30 10:38:57.725967
22.739133886089725,2020-11-30 10:40:57.750120
23.422023558052537,2020-11-30 10:42:57.775150
23.649202525482316,2020-11-30 10:44:57.798247
25.7642259138578,2020-11-30 10:46:57.820837
25.61395921380553,2020-11-30 10:48:57.843556
23.422023558052537,2020-11-30 10:50:57.870181
24.853394784275935,2020-11-30 10:52:57.894444
25.84032532157326,2020-11-30 10:54:57.917197
26.218414315519347,2020-11-30 10:56:57.939982
23.649202525482316,2020-11-30 10:58:57.962812
18.28247894564431,2020-11-30 11:00:57.986737
23.110866141278724,2020-11-30 11:02:58.009724
23.79627811343368,2020-11-30 11:04:58.033480
22.192813254783978,2020-11-30 11:06:58.056458
23.568073435733297,2020-11-30 11:08:58.080518
25.309246028082008,2020-11-30 11:10:58.105759
25.84032532157326,2020-11-30 11:12:58.128318
26.82166035937483,2020-11-30 11:14:58.151736
26.671881621727074,2020-11-30 11:16:58.174320
26.445234037646507,2020-11-30 11:18:58.196846
22.739133886089725,2020-11-30 11:20:58.220599
25.84032532157326,2020-11-30 11:22:58.244793
26.066531822447978,2020-11-30 11:24:58.267455
26.74426197832758,2020-11-30 11:26:58.288178
25.008273447636434,2020-11-30 11:28:58.310890
25.077433768773417,2020-11-30 11:30:58.334852
22.88183343654723,2020-11-30 11:32:58.357932
23.110866141278724,2020-11-30 11:34:58.383384
27.5768950602983,2020-11-30 11:36:58.406200
28.25417720550805,2020-11-30 11:38:58.430579
27.72972743351302,2020-11-30 11:40:58.453490
26.967557732494086,2020-11-30 11:42:58.476040
25.224687544327764,2020-11-30 11:44:58.498725
26.51048852444476,2020-11-30 11:46:58.521407
26.281585386774346,2020-11-30 11:48:58.544127
30.221260027989644,2020-11-30 11:50:58.569444
31.655660085823733,2020-11-30 11:52:58.591979
32.48815470432846,2020-11-30 11:54:58.614498
32.71410959336361,2020-11-30 11:56:58.636967
32.64097632390174,2020-11-30 11:58:58.659586
32.64097632390174,2020-11-30 12:00:58.685470
32.64097632390174,2020-11-30 12:02:58.708214
30.221260027989644,2020-11-30 12:04:58.729902
27.79613266179421,2020-11-30 12:06:58.752726
26.967557732494086,2020-11-30 12:08:58.775246
25.59324980853888,2020-11-30 12:10:58.800561
28.853109917902465,2020-11-30 12:12:58.823540
31.50606862184562,2020-11-30 12:14:58.846643
31.96048277963836,2020-11-30 12:16:58.868480
26.784838610948988,2020-11-30 12:18:58.892113
30.050268295686948,2020-11-30 12:20:58.922351
35.50774184137287,2020-11-30 12:22:58.945042
39.21415217762332,2020-11-30 12:24:58.973637
40.04466257665658,2020-11-30 12:26:58.996727
39.362607237842994,2020-11-30 12:28:59.019196
36.1904759628127,2020-11-30 12:30:59.042750
37.098810057713976,2020-11-30 12:32:59.065666
37.47523769288406,2020-11-30 12:34:59.091698
36.64491005187623,2020-11-30 12:36:59.114542
35.81426237510164,2020-11-30 12:38:59.137183
36.64491005187623,2020-11-30 12:40:59.161211
36.1904759628127,2020-11-30 12:42:59.183856
36.1904759628127,2020-11-30 12:44:59.207897
35.81426237510164,2020-11-30 12:46:59.230710
37.02038819936712,2020-11-30 12:48:59.253465
37.24788316226439,2020-11-30 12:50:59.278264
38.07770135208431,2020-11-30 12:52:59.301029
39.28012239288882,2020-11-30 12:54:59.325427
38.9072299403239,2020-11-30 12:56:59.348127
39.508377824925056,2020-11-30 12:58:59.370829
39.508377824925056,2020-11-30 13:00:59.395713
38.07770135208431,2020-11-30 13:02:59.418203
37.24788316226439,2020-11-30 13:04:59.441326
35.81426237510164,2020-11-30 13:06:59.463907
35.360249520411486,2020-11-30 13:08:59.486581
34.30269718000725,2020-11-30 13:10:59.513594
34.075558443532785,2020-11-30 13:12:59.536144
33.24510152787171,2020-11-30 13:14:59.561438
32.64097632390174,2020-11-30 13:16:59.584143
32.41428811257312,2020-11-30 13:18:59.606857
32.41428811257312,2020-11-30 13:20:59.631902
31.809557905127882,2020-11-30 13:22:59.655716
31.809557905127882,2020-11-30 13:24:59.680983
33.01804210915448,2020-11-30 13:26:59.704221
32.41428811257312,2020-11-30 13:28:59.727876
33.84827238354183,2020-11-30 13:30:59.751625
33.4720165983596,2020-11-30 13:32:59.773312
34.075558443532785,2020-11-30 13:34:59.787627
34.30269718000725,2020-11-30 13:36:59.811782
34.52969372263804,2020-11-30 13:38:59.827910
35.13303533707881,2020-11-30 13:40:59.843259
35.360249520411486,2020-11-30 13:42:59.860239
36.1904759628127,2020-11-30 13:44:59.880858
36.792748086346826,2020-11-30 13:46:59.894470
34.6781668839063,2020-11-30 13:48:59.914596
37.24788316226439,2020-11-30 13:50:59.928867
37.24788316226439,2020-11-30 13:52:59.942458
36.87192463664379,2020-11-30 13:54:59.956348
35.81426237510164,2020-11-30 13:56:59.970733
34.905676173270635,2020-11-30 13:58:59.984302
37.47523769288406,2020-11-30 14:00:59.998143
38.30525948766305,2020-11-30 14:03:00.011741
37.92954332663267,2020-11-30 14:05:00.026811
38.532679393001665,2020-11-30 14:07:00.040472
36.94707576377035,2020-11-30 14:09:00.062935
37.55220973424139,2020-11-30 14:11:00.086711
38.1565028950471,2020-11-30 14:13:00.110619
37.17328992473441,2020-11-30 14:15:00.125470
37.17328992473441,2020-11-30 14:17:00.139081
36.56700342437155,2020-11-30 14:19:00.152809
36.3410906510578,2020-11-30 14:21:00.166599
34.90110120841642,2020-11-30 14:23:00.185010
34.067557893764416,2020-11-30 14:25:00.199220
32.624025466909494,2020-11-30 14:27:00.212793
30.953419850292676,2020-11-30 14:29:00.227027
30.504475588490486,2020-11-30 14:31:00.241783
28.219814664126524,2020-11-30 14:33:00.255485
26.934830036290535,2020-11-30 14:35:00.269253
25.873472722962745,2020-11-30 14:37:00.282825
23.802742401955825,2020-11-30 14:39:00.305296
22.961952304558018,2020-11-30 14:41:00.328163
22.739215877715722,2020-11-30 14:43:00.350821
21.500179492018788,2020-11-30 14:45:00.365557
21.89780537138656,2020-11-30 14:47:00.379118
21.277870594944524,2020-11-30 14:49:00.393158
20.878698152882116,2020-11-30 14:51:00.418331
21.277870594944524,2020-11-30 14:53:00.432138
20.656603317995817,2020-11-30 14:55:00.446030
17.529455761619253,2020-11-30 14:57:00.459751
19.409978866756752,2020-11-30 14:59:00.482226
18.78457406544854,2020-11-30 15:01:00.496239
18.562999933521148,2020-11-30 15:03:00.509813
17.71487250045506,2020-11-30 15:05:00.524228
17.493417982559478,2020-11-30 15:07:00.537760
16.01486469094732,2020-11-30 15:09:00.551337
15.793641725713016,2020-11-30 15:11:00.574756
15.162812973300127,2020-11-30 15:13:00.597328
15.162812973300127,2020-11-30 15:15:00.622306
15.162812973300127,2020-11-30 15:17:00.645232
15.793641725713016,2020-11-30 15:19:00.667949
14.751391501815263,2020-11-30 15:21:00.693684
14.751391501815263,2020-11-30 15:23:00.716188
14.751391501815263,2020-11-30 15:25:00.740598
15.162812973300127,2020-11-30 15:27:00.763153
15.162812973300127,2020-11-30 15:29:00.785665
13.9936,2020-11-30 15:31:00.809807
14.94167982480333,2020-11-30 15:33:00.832455
14.309268412580899,2020-11-30 15:35:00.861995
13.67514352432638,2020-11-30 15:37:00.885336
14.720542332544824,2020-11-30 15:39:00.907863
14.08820396165983,2020-11-30 15:41:00.935739
14.08820396165983,2020-11-30 15:43:00.958253
13.67514352432638,2020-11-30 15:45:00.982428
13.260274980650557,2020-11-30 15:47:01.005573
13.110399999999998,2020-11-30 15:49:01.030330
13.331199999999999,2020-11-30 15:51:01.054336
13.1936,2020-11-30 15:53:01.076705
13.4144,2020-11-30 15:55:01.102978
12.918399999999998,2020-11-30 15:57:01.123360
12.918399999999998,2020-11-30 15:59:01.145942
12.918399999999998,2020-11-30 16:01:01.173902
12.918399999999998,2020-11-30 16:03:01.194330
12.918399999999998,2020-11-30 16:05:01.221476
12.559999999999995,2020-11-30 16:07:01.245077
12.918399999999998,2020-11-30 16:09:01.267992
12.918399999999998,2020-11-30 16:11:01.295874
12.422400000000003,2020-11-30 16:13:01.318356
12.422400000000003,2020-11-30 16:15:01.343230
12.422400000000003,2020-11-30 16:17:01.367884
12.064,2020-11-30 16:19:01.388172
11.843199999999996,2020-11-30 16:21:01.411939
11.622399999999999,2020-11-30 16:23:01.435606
11.622399999999999,2020-11-30 16:25:01.459642
11.980800000000002,2020-11-30 16:27:01.481795
12.118399999999998,2020-11-30 16:29:01.503138
11.8976,2020-11-30 16:31:01.531926
12.918399999999998,2020-11-30 16:33:01.554526
17.388800000000003,2020-11-30 16:35:01.579432
24.03496224485015,2020-11-30 16:37:01.601957
27.482552509407284,2020-11-30 16:39:01.624474
25.713612186330693,2020-11-30 16:41:01.650279
23.091561644523907,2020-11-30 16:43:01.672980
18.03722853649254,2020-11-30 16:45:01.696149
10.138743573155253,2020-11-30 16:47:01.720146
6.38088481600786,2020-11-30 16:49:01.742883
4.862100826238535,2020-11-30 16:51:01.765835
5.240402424038278,2020-11-30 16:53:01.789555
4.575261786686466,2020-11-30 16:55:01.814993
3.7271685067509424,2020-11-30 16:57:01.837695
4.131320663599162,2020-11-30 16:59:01.860580
3.5058911523238496,2020-11-30 17:01:01.884455
3.909123544003414,2020-11-30 17:03:01.908807
2.6520549961301096,2020-11-30 17:05:01.934278
2.2912,2020-11-30 17:07:01.956888
2.0704000000000002,2020-11-30 17:09:01.979593
1.7120000000000006,2020-11-30 17:11:02.003484
1.3536000000000001,2020-11-30 17:13:02.026963
1.4912,2020-11-30 17:15:02.052910
1.1327999999999996,2020-11-30 17:17:02.075659
0.8288000000000002,2020-11-30 17:19:02.099823
0.6240000000000001,2020-11-30 17:21:02.124784
0.6640000000000001,2020-11-30 17:23:02.147390
0.6640000000000001,2020-11-30 17:25:02.173564
0.4592000000000005,2020-11-30 17:27:02.196144
0.4592000000000005,2020-11-30 17:29:02.218896
0.4992000000000003,2020-11-30 17:31:02.242846
0.4992000000000003,2020-11-30 17:33:02.265525
0.2944000000000002,2020-11-30 17:35:02.289752
0.3792,2020-11-30 17:37:02.312464
0.3792,2020-11-30 17:39:02.335145
0.3792,2020-11-30 17:41:02.360107
0.3792,2020-11-30 17:43:02.382900
0.5840000000000001,2020-11-30 17:45:02.409249
0.3792,2020-11-30 17:47:02.430420
0.5840000000000001,2020-11-30 17:49:02.453100
0.3792,2020-11-30 17:51:02.477507
0.5840000000000001,2020-11-30 17:53:02.499463
0.5840000000000001,2020-11-30 17:55:02.522375
0.5840000000000001,2020-11-30 17:57:02.545044
0.5840000000000001,2020-11-30 17:59:02.567734
0.5840000000000001,2020-11-30 18:01:02.593012
0.5840000000000001,2020-11-30 18:03:02.615622
0.5840000000000001,2020-11-30 18:05:02.639932
0.5840000000000001,2020-11-30 18:07:02.662523
0.5840000000000001,2020-11-30 18:09:02.685126
0.5840000000000001,2020-11-30 18:11:02.708727
0.5840000000000001,2020-11-30 18:13:02.731307
0.5840000000000001,2020-11-30 18:15:02.758853
0.5840000000000001,2020-11-30 18:17:02.780421
0.5840000000000001,2020-11-30 18:19:02.803157
0.5840000000000001,2020-11-30 18:21:02.828362
0.5840000000000001,2020-11-30 18:23:02.851133
0.5840000000000001,2020-11-30 18:25:02.875551
0.5840000000000001,2020-11-30 18:27:02.898062
0.5840000000000001,2020-11-30 18:29:02.920703
0.5840000000000001,2020-11-30 18:31:02.947655
0.5840000000000001,2020-11-30 18:33:02.970243
0.5840000000000001,2020-11-30 18:35:02.996242
0.5840000000000001,2020-11-30 18:37:03.018955
0.5840000000000001,2020-11-30 18:39:03.041492
0.5840000000000001,2020-11-30 18:41:03.066629
0.5840000000000001,2020-11-30 18:43:03.089147
0.5840000000000001,2020-11-30 18:45:03.111993
0.5840000000000001,2020-11-30 18:47:03.135267
0.5840000000000001,2020-11-30 18:49:03.157905
0.5840000000000001,2020-11-30 18:51:03.184604
0.5840000000000001,2020-11-30 18:53:03.207290
0.5840000000000001,2020-11-30 18:55:03.231821
0.5840000000000001,2020-11-30 18:57:03.254496
0.5840000000000001,2020-11-30 18:59:03.277003
0.5840000000000001,2020-11-30 19:01:03.300259
0.5840000000000001,2020-11-30 19:03:03.323220
0.5840000000000001,2020-11-30 19:05:03.350165
0.3392000000000004,2020-11-30 19:07:03.374001
0.3392000000000004,2020-11-30 19:09:03.398008
0.3392000000000004,2020-11-30 19:11:03.424361
0.3392000000000004,2020-11-30 19:13:03.446962
0.3392000000000004,2020-11-30 19:15:03.473307
0.3392000000000004,2020-11-30 19:17:03.495938
0.3392000000000004,2020-11-30 19:19:03.518871
0.3392000000000004,2020-11-30 19:21:03.542800
0.3392000000000004,2020-11-30 19:23:03.565455
0.3392000000000004,2020-11-30 19:25:03.588016
0.3392000000000004,2020-11-30 19:27:03.610717
0.3392000000000004,2020-11-30 19:29:03.633403
0.3392000000000004,2020-11-30 19:31:03.657043
0.3392000000000004,2020-11-30 19:33:03.679638
0.3392000000000004,2020-11-30 19:35:03.703302
0.3392000000000004,2020-11-30 19:37:03.728711
0.3392000000000004,2020-11-30 19:39:03.750707
0.3392000000000004,2020-11-30 19:41:03.776589
0.3392000000000004,2020-11-30 19:43:03.800692
0.5840000000000001,2020-11-30 19:45:03.826328
0.3392000000000004,2020-11-30 19:47:03.849044
0.3392000000000004,2020-11-30 19:49:03.871694
0.5840000000000001,2020-11-30 19:51:03.896053
0.5840000000000001,2020-11-30 19:53:03.920048
0.5840000000000001,2020-11-30 19:55:03.946362
0.5840000000000001,2020-11-30 19:57:03.969638
0.5840000000000001,2020-11-30 19:59:03.993836
0.5840000000000001,2020-11-30 20:01:04.018368
0.5840000000000001,2020-11-30 20:03:04.041163
0.5840000000000001,2020-11-30 20:05:04.064960
0.5840000000000001,2020-11-30 20:07:04.087949
0.5840000000000001,2020-11-30 20:09:04.112142
0.5840000000000001,2020-11-30 20:11:04.137287
0.5840000000000001,2020-11-30 20:13:04.159895
0.5840000000000001,2020-11-30 20:15:04.182912
0.5840000000000001,2020-11-30 20:17:04.207169
0.5840000000000001,2020-11-30 20:19:04.231935
0.5840000000000001,2020-11-30 20:21:04.258947
0.5840000000000001,2020-11-30 20:23:04.282923
0.5840000000000001,2020-11-30 20:25:04.308519
0.5840000000000001,2020-11-30 20:27:04.331134
0.5840000000000001,2020-11-30 20:29:04.354021
0.5840000000000001,2020-11-30 20:31:04.377969
0.5840000000000001,2020-11-30 20:33:04.400729
0.5840000000000001,2020-11-30 20:35:04.424541
0.5840000000000001,2020-11-30 20:37:04.447060
0.5840000000000001,2020-11-30 20:39:04.471838
0.3392000000000004,2020-11-30 20:41:04.495686
0.3392000000000004,2020-11-30 20:43:04.518200
0.5440000000000005,2020-11-30 20:45:04.541304
0.5440000000000005,2020-11-30 20:47:04.564005
0.5440000000000005,2020-11-30 20:49:04.586597
0.5440000000000005,2020-11-30 20:51:04.610523
0.5440000000000005,2020-11-30 20:53:04.634956
0.5440000000000005,2020-11-30 20:55:04.659536
0.5440000000000005,2020-11-30 20:57:04.684043
0.5440000000000005,2020-11-30 20:59:04.709169
0.5440000000000005,2020-11-30 21:01:04.733998
0.5440000000000005,2020-11-30 21:03:04.756600
0.5440000000000005,2020-11-30 21:05:04.780285
0.5440000000000005,2020-11-30 21:07:04.802916
0.5440000000000005,2020-11-30 21:09:04.826920
0.5440000000000005,2020-11-30 21:11:04.849960
0.5440000000000005,2020-11-30 21:13:04.875170
0.5440000000000005,2020-11-30 21:15:04.899806
0.5440000000000005,2020-11-30 21:17:04.924516
0.5440000000000005,2020-11-30 21:19:04.949590
0.5440000000000005,2020-11-30 21:21:04.974198
0.5440000000000005,2020-11-30 21:23:04.996929
0.5040000000000004,2020-11-30 21:25:05.019900
0.5040000000000004,2020-11-30 21:27:05.042670
0.5040000000000004,2020-11-30 21:29:05.065235
0.5040000000000004,2020-11-30 21:31:05.088125
0.5040000000000004,2020-11-30 21:33:05.110929
0.5040000000000004,2020-11-30 21:35:05.135549
0.5040000000000004,2020-11-30 21:37:05.158345
0.5040000000000004,2020-11-30 21:39:05.181282
0.5040000000000004,2020-11-30 21:41:05.207012
0.5040000000000004,2020-11-30 21:43:05.229735
0.5040000000000004,2020-11-30 21:45:05.252559
0.5040000000000004,2020-11-30 21:47:05.275300
0.5040000000000004,2020-11-30 21:49:05.297981
0.5040000000000004,2020-11-30 21:51:05.322574
0.5040000000000004,2020-11-30 21:53:05.346831
0.5040000000000004,2020-11-30 21:55:05.372911
0.5040000000000004,2020-11-30 21:57:05.395677
0.29920000000000035,2020-11-30 21:59:05.418349
0.5040000000000004,2020-11-30 22:01:05.442376
0.5040000000000004,2020-11-30 22:03:05.464940
0.5040000000000004,2020-11-30 22:05:05.489508
0.5040000000000004,2020-11-30 22:07:05.512353
0.5040000000000004,2020-11-30 22:09:05.535054
0.5440000000000005,2020-11-30 22:11:05.560939
0.5440000000000005,2020-11-30 22:13:05.585371
0.24960000000000016,2020-11-30 22:15:05.610759
0.24960000000000016,2020-11-30 22:17:05.633385
0.24960000000000016,2020-11-30 22:19:05.657045
0.4864,2020-11-30 22:21:05.682846
0.4864,2020-11-30 22:23:05.705547
0.4864,2020-11-30 22:25:05.731668
0.4864,2020-11-30 22:27:05.754348
0.4864,2020-11-30 22:29:05.776405
0.4864,2020-11-30 22:31:05.803042
0.4864,2020-11-30 22:33:05.829868
0.4864,2020-11-30 22:35:05.853559
0.4864,2020-11-30 22:37:05.880263
0.4864,2020-11-30 22:39:05.903416
0.4864,2020-11-30 22:41:05.928904
0.4864,2020-11-30 22:43:05.951574
0.4864,2020-11-30 22:45:05.974391
0.4864,2020-11-30 22:47:05.997227
0.4864,2020-11-30 22:49:06.019786
,2020-11-30 22:51:06.031376
,2020-11-30 22:53:06.042615
,2020-11-30 22:55:06.052066
,2020-11-30 22:57:06.065558
,2020-11-30 22:59:06.079472
,2020-11-30 23:01:06.092247
,2020-11-30 23:03:06.104344
,2020-11-30 23:05:06.113829
,2020-11-30 23:07:06.123749
,2020-11-30 23:09:06.133555
,2020-11-30 23:11:06.143502
,2020-11-30 23:13:06.154926
,2020-11-30 23:15:06.164548
,2020-11-30 23:17:06.174737
,2020-11-30 23:19:06.184630
,2020-11-30 23:21:06.194164
,2020-11-30 23:23:06.204939
,2020-11-30 23:25:06.216804
,2020-11-30 23:27:06.228142
,2020-11-30 23:29:06.240178
,2020-11-30 23:31:06.252482
,2020-11-30 23:33:06.261877
,2020-11-30 23:35:06.271942
,2020-11-30 23:37:06.281851
,2020-11-30 23:39:06.293020
,2020-11-30 23:41:06.303377
,2020-11-30 23:43:06.317039
,2020-11-30 23:45:06.330344
,2020-11-30 23:47:06.340049
,2020-11-30 23:49:06.349622
,2020-11-30 23:51:06.363178
,2020-11-30 23:53:06.373432
,2020-11-30 23:55:06.385292
,2020-11-30 23:57:06.394877
,2020-11-30 23:59:06.407532
,2020-12-01 00:01:06.417232
,2020-12-01 00:03:06.427008
534.3164006762763,2020-12-01 00:05:06.450633
538.5220108938646,2020-12-01 00:07:06.473297
533.2645986019459,2020-12-01 00:09:06.495835
533.5976706819915,2020-12-01 00:11:06.519198
533.5976706819915,2020-12-01 00:13:06.541974
531.6865935825618,2020-12-01 00:15:06.566043
534.3164006762763,2020-12-01 00:17:06.588677
531.3534974907219,2020-12-01 00:19:06.612689
530.4941651963564,2020-12-01 00:21:06.636154
532.9311164968884,2020-12-01 00:23:06.658866
530.4941651963564,2020-12-01 00:25:06.681872
537.2791739642917,2020-12-01 00:27:06.706294
537.2791739642917,2020-12-01 00:29:06.729201
535.8938032798342,2020-12-01 00:31:06.753003
536.4195242906762,2020-12-01 00:33:06.775662
536.9452054885302,2020-12-01 00:35:06.798578
536.4195242906762,2020-12-01 00:37:06.821309
535.8938032798342,2020-12-01 00:39:06.843935
535.8938032798342,2020-12-01 00:41:06.867086
535.5596792677811,2020-12-01 00:43:06.889768
534.5083740757533,2020-12-01 00:45:06.914735
534.5083740757533,2020-12-01 00:47:06.937270
534.5083740757533,2020-12-01 00:49:06.959991
535.0340466114036,2020-12-01 00:51:06.986436
535.0340466114036,2020-12-01 00:53:07.009464
533.9826615912884,2020-12-01 00:55:07.034114
535.5596792677811,2020-12-01 00:57:07.056762
535.368042386779,2020-12-01 00:59:07.079395
535.5596792677811,2020-12-01 01:01:07.104417
536.0852721142561,2020-12-01 01:03:07.126982
534.5083740757533,2020-12-01 01:05:07.151987
535.0340466114036,2020-12-01 01:07:07.174596
535.0340466114036,2020-12-01 01:09:07.197201
535.0340466114036,2020-12-01 01:11:07.220695
534.5083740757533,2020-12-01 01:13:07.243328
535.0340466114036,2020-12-01 01:15:07.268154
535.5596792677811,2020-12-01 01:17:07.290826
535.0340466114036,2020-12-01 01:19:07.313391
535.0340466114036,2020-12-01 01:21:07.337652
535.0340466114036,2020-12-01 01:23:07.360334
535.0340466114036,2020-12-01 01:25:07.383654
535.5596792677811,2020-12-01 01:27:07.406167
535.5596792677811,2020-12-01 01:29:07.429141
535.368042386779,2020-12-01 01:31:07.454009
534.3164006762763,2020-12-01 01:33:07.476750
535.5596792677811,2020-12-01 01:35:07.500970
535.8938032798342,2020-12-01 01:37:07.523905
536.4195242906762,2020-12-01 01:39:07.546667
535.8938032798342,2020-12-01 01:41:07.570622
535.8938032798342,2020-12-01 01:43:07.593250
535.368042386779,2020-12-01 01:45:07.614910
535.368042386779,2020-12-01 01:47:07.637329
535.8938032798342,2020-12-01 01:49:07.660016
535.8938032798342,2020-12-01 01:51:07.685187
535.368042386779,2020-12-01 01:53:07.709427
535.8938032798342,2020-12-01 01:55:07.737322
535.8938032798342,2020-12-01 01:57:07.759971
535.8938032798342,2020-12-01 01:59:07.783332
535.8938032798342,2020-12-01 02:01:07.808593
535.368042386779,2020-12-01 02:03:07.831244
536.4195242906762,2020-12-01 02:05:07.854490
535.368042386779,2020-12-01 02:07:07.878596
535.8938032798342,2020-12-01 02:09:07.901330
536.4195242906762,2020-12-01 02:11:07.925876
535.368042386779,2020-12-01 02:13:07.948614
535.8938032798342,2020-12-01 02:15:07.973905
536.4195242906762,2020-12-01 02:17:07.996728
535.8938032798342,2020-12-01 02:19:08.019429
534.8422415421154,2020-12-01 02:21:08.042411
535.8938032798342,2020-12-01 02:23:08.066351
535.8938032798342,2020-12-01 02:25:08.090846
535.8938032798342,2020-12-01 02:27:08.113822
535.8938032798342,2020-12-01 02:29:08.135968
536.4195242906762,2020-12-01 02:31:08.158948
536.4195242906762,2020-12-01 02:33:08.181846
536.4195242906762,2020-12-01 02:35:08.205387
536.4195242906762,2020-12-01 02:37:08.228082
536.2275160018875,2020-12-01 02:39:08.252003
535.7016271242207,2020-12-01 02:41:08.278628
537.2791739642917,2020-12-01 02:43:08.301167
535.8938032798342,2020-12-01 02:45:08.334190
536.2275160018875,2020-12-01 02:47:08.367299
536.7533649254946,2020-12-01 02:49:08.390067
535.7016271242207,2020-12-01 02:51:08.415196
537.2791739642917,2020-12-01 02:53:08.439499
537.0867963703574,2020-12-01 02:55:08.464448
537.6127329993673,2020-12-01 02:57:08.487202
538.1386297413092,2020-12-01 02:59:08.510085
537.0867963703574,2020-12-01 03:01:08.533106
537.6127329993673,2020-12-01 03:03:08.555669
538.6644866651176,2020-12-01 03:05:08.580600
537.6127329993673,2020-12-01 03:07:08.603167
537.9458849268874,2020-12-01 03:09:08.626970
538.997893059809,2020-12-01 03:11:08.652127
537.9458849268874,2020-12-01 03:13:08.674620
538.997893059809,2020-12-01 03:15:08.699608
538.997893059809,2020-12-01 03:17:08.722895
538.8047830917811,2020-12-01 03:19:08.745670
539.8569653434554,2020-12-01 03:21:08.771178
539.8569653434554,2020-12-01 03:23:08.793697
539.8569653434554,2020-12-01 03:25:08.818577
540.1896900823277,2020-12-01 03:27:08.841655
540.3829967020644,2020-12-01 03:29:08.866400
540.9089883072124,2020-12-01 03:31:08.892527
540.9089883072124,2020-12-01 03:33:08.915172
540.1896900823277,2020-12-01 03:35:08.938377
540.7158480016805,2020-12-01 03:37:08.961269
540.7158480016805,2020-12-01 03:39:08.983929
540.1896900823277,2020-12-01 03:41:09.006894
540.7158480016805,2020-12-01 03:43:09.028658
541.2419660976873,2020-12-01 03:45:09.052925
541.7680444386804,2020-12-01 03:47:09.075622
541.7680444386804,2020-12-01 03:49:09.098750
544.2051681248988,2020-12-01 03:51:09.122026
542.1007469454769,2020-12-01 03:53:09.144572
542.1007469454769,2020-12-01 03:55:09.170318
542.6269117048462,2020-12-01 03:57:09.194677
542.6269117048462,2020-12-01 03:59:09.218684
542.6269117048462,2020-12-01 04:01:09.243261
542.6269117048462,2020-12-01 04:03:09.267891
543.1530367759952,2020-12-01 04:05:09.290967
542.9593406285835,2020-12-01 04:07:09.315360
542.9593406285835,2020-12-01 04:09:09.338123
543.4855914905004,2020-12-01 04:11:09.362559
544.011802663145,2020-12-01 04:13:09.385480
544.870382126973,2020-12-01 04:15:09.408227
545.3966394647957,2020-12-01 04:17:09.431284
544.870382126973,2020-12-01 04:19:09.455639
546.4490355426074,2020-12-01 04:21:09.481347
546.2551193392268,2020-12-01 04:23:09.504255
545.2023940910135,2020-12-01 04:25:09.530325
545.3966394647957,2020-12-01 04:27:09.557253
545.2023940910135,2020-12-01 04:29:09.581485
545.7287765266205,2020-12-01 04:31:09.606204
545.7287765266205,2020-12-01 04:33:09.628995
544.870382126973,2020-12-01 04:35:09.652194
544.870382126973,2020-12-01 04:37:09.674670
543.8177485164484,2020-12-01 04:39:09.697072
543.2913721084394,2020-12-01 04:41:09.720138
542.2384997474323,2020-12-01 04:43:09.744116
544.6759719649766,2020-12-01 04:45:09.768107
544.3440851667145,2020-12-01 04:47:09.789084
546.7814225960991,2020-12-01 04:49:09.811814
546.7814225960991,2020-12-01 04:51:09.838381
546.2551193392268,2020-12-01 04:53:09.861143
545.2023940910135,2020-12-01 04:55:09.887218
541.7120036581423,2020-12-01 04:57:09.911075
542.4330500095155,2020-12-01 04:59:09.933627
541.3803492275879,2020-12-01 05:01:09.956793
545.2023940910135,2020-12-01 05:03:09.979499
544.6759719649766,2020-12-01 05:05:10.002397
544.870382126973,2020-12-01 05:07:10.025145
545.2023940910135,2020-12-01 05:09:10.047764
546.2551193392268,2020-12-01 05:11:10.071075
544.6759719649766,2020-12-01 05:13:10.095052
545.7287765266205,2020-12-01 05:15:10.120550
546.2551193392268,2020-12-01 05:17:10.143505
545.7287765266205,2020-12-01 05:19:10.166110
545.7287765266205,2020-12-01 05:21:10.191874
546.2551193392268,2020-12-01 05:23:10.214474
545.7287765266205,2020-12-01 05:25:10.238175
545.7287765266205,2020-12-01 05:27:10.260735
546.2551193392268,2020-12-01 05:29:10.284684
547.1134151848822,2020-12-01 05:31:10.309771
546.5869872078417,2020-12-01 05:33:10.332463
547.6398036057915,2020-12-01 05:35:10.356629
546.5869872078417,2020-12-01 05:37:10.379531
546.0605196075448,2020-12-01 05:39:10.404020
547.6398036057915,2020-12-01 05:41:10.432038
547.1134151848822,2020-12-01 05:43:10.456997
547.1134151848822,2020-12-01 05:45:10.482890
548.1661525375334,2020-12-01 05:47:10.507034
546.5869872078417,2020-12-01 05:49:10.531256
547.1134151848822,2020-12-01 05:51:10.556614
547.1134151848822,2020-12-01 05:53:10.579106
547.1134151848822,2020-12-01 05:55:10.603608
546.5869872078417,2020-12-01 05:57:10.626220
546.5869872078417,2020-12-01 05:59:10.650364
546.5869872078417,2020-12-01 06:01:10.673233
547.6398036057915,2020-12-01 06:03:10.696666
546.5869872078417,2020-12-01 06:05:10.720812
547.1134151848822,2020-12-01 06:07:10.743411
547.1134151848822,2020-12-01 06:09:10.766028
547.1134151848822,2020-12-01 06:11:10.799424
546.0605196075448,2020-12-01 06:13:10.822765
546.0605196075448,2020-12-01 06:15:10.848556
545.5340123167057,2020-12-01 06:17:10.871249
546.0605196075448,2020-12-01 06:19:10.893802
547.1134151848822,2020-12-01 06:21:10.916574
546.0605196075448,2020-12-01 06:23:10.939120
546.5869872078417,2020-12-01 06:25:10.965158
547.6398036057915,2020-12-01 06:27:10.987789
548.1661525375334,2020-12-01 06:29:11.010543
546.0605196075448,2020-12-01 06:31:11.035660
546.5869872078417,2020-12-01 06:33:11.058645
546.0605196075448,2020-12-01 06:35:11.082159
547.1134151848822,2020-12-01 06:37:11.104648
548.1661525375334,2020-12-01 06:39:11.127158
546.0605196075448,2020-12-01 06:41:11.151315
547.9715283358898,2020-12-01 06:43:11.174039
547.6398036057915,2020-12-01 06:45:11.200826
547.6398036057915,2020-12-01 06:47:11.223347
546.5869872078417,2020-12-01 06:49:11.245863
546.0605196075448,2020-12-01 06:51:11.269790
546.0605196075448,2020-12-01 06:53:11.292830
546.5869872078417,2020-12-01 06:55:11.317235
547.1134151848822,2020-12-01 06:57:11.339950
545.5340123167057,2020-12-01 06:59:11.362485
547.6398036057915,2020-12-01 07:01:11.387855
546.0605196075448,2020-12-01 07:03:11.412188
0.4864,2020-12-01 07:05:11.438149
0.4864,2020-12-01 07:07:11.460741
0.00544,2020-12-01 07:09:11.483448
0.22100458301084247,2020-12-01 07:11:11.506357
0.22100458301084247,2020-12-01 07:13:11.529119
0.8199611371425638,2020-12-01 07:15:11.554233
0.8199611371425638,2020-12-01 07:17:11.578285
1.3758456159214707,2020-12-01 07:19:11.600892
0.44200916602168494,2020-12-01 07:21:11.623589
1.0568006311801892,2020-12-01 07:23:11.646149
1.6399222742851276,2020-12-01 07:25:11.670514
1.6399222742851276,2020-12-01 07:27:11.693099
2.2027723712899485,2020-12-01 07:29:11.715650
2.2027723712899485,2020-12-01 07:31:11.740128
2.7516912318429414,2020-12-01 07:33:11.764166
2.7516912318429414,2020-12-01 07:35:11.787789
2.4598834114276915,2020-12-01 07:37:11.811904
3.025424668711382,2020-12-01 07:39:11.836215
3.025424668711382,2020-12-01 07:41:11.859684
3.580599331957665,2020-12-01 07:43:11.882250
3.279844548570255,2020-12-01 07:45:11.905766
3.846814119840239,2020-12-01 07:47:11.931837
4.405544742579897,2020-12-01 07:49:11.955704
4.09980568571282,2020-12-01 07:51:11.979278
4.66766082492812,2020-12-01 07:53:12.002114
4.66766082492812,2020-12-01 07:55:12.026909
4.344665773766837,2020-12-01 07:57:12.049531
4.919766822855383,2020-12-01 07:59:12.072052
5.4882247810645755,2020-12-01 08:01:12.096932
6.050849337422764,2020-12-01 08:03:12.123289
5.739727959997946,2020-12-01 08:05:12.150168
5.739727959997946,2020-12-01 08:07:12.172810
6.308622772945456,2020-12-01 08:09:12.195487
5.985485408970477,2020-12-01 08:11:12.218702
6.55968909714051,2020-12-01 08:13:12.241337
7.12891504985144,2020-12-01 08:15:12.266262
6.22698861248756,2020-12-01 08:17:12.288873
6.805741067604499,2020-12-01 08:19:12.312664
7.379650234283074,2020-12-01 08:21:12.337675
7.379650234283074,2020-12-01 08:23:12.360197
7.047942894682288,2020-12-01 08:25:12.383578
7.625936198719418,2020-12-01 08:27:12.406154
7.625936198719418,2020-12-01 08:29:12.428848
8.19961137142564,2020-12-01 08:31:12.451743
8.19961137142564,2020-12-01 08:33:12.474370
7.868707304346885,2020-12-01 08:35:12.498491
7.868707304346885,2020-12-01 08:37:12.521244
8.446087722959234,2020-12-01 08:39:12.543842
8.446087722959234,2020-12-01 08:41:12.568668
9.019572508568203,2020-12-01 08:43:12.591244
9.019572508568203,2020-12-01 08:45:12.614688
8.108652136303128,2020-12-01 08:47:12.637501
8.689331547533675,2020-12-01 08:49:12.661114
8.689331547533675,2020-12-01 08:51:12.684310
8.689331547533675,2020-12-01 08:53:12.705452
8.689331547533675,2020-12-01 08:55:12.728683
9.26620679144771,2020-12-01 08:57:12.751376
9.26620679144771,2020-12-01 08:59:12.774063
9.26620679144771,2020-12-01 09:01:12.798394
8.929924312758914,2020-12-01 09:03:12.821122
8.929924312758914,2020-12-01 09:05:12.844015
8.929924312758914,2020-12-01 09:07:12.865101
8.929924312758914,2020-12-01 09:09:12.887694
8.929924312758914,2020-12-01 09:11:12.911918
8.929924312758914,2020-12-01 09:13:12.936170
8.929924312758914,2020-12-01 09:15:12.961958
8.929924312758914,2020-12-01 09:17:12.984776
8.929924312758914,2020-12-01 09:19:13.007234
18.22191483572861,2020-12-01 09:21:13.032593
17.272831958504614,2020-12-01 09:23:13.055221
17.272831958504614,2020-12-01 09:25:13.079544
17.272831958504614,2020-12-01 09:27:13.102371
17.865395078887367,2020-12-01 09:29:13.125125
17.865395078887367,2020-12-01 09:31:13.150584
17.865395078887367,2020-12-01 09:33:13.173382
17.504272934058147,2020-12-01 09:35:13.200149
17.504272934058147,2020-12-01 09:37:13.222786
18.097866849549664,2020-12-01 09:39:13.245657
18.097866849549664,2020-12-01 09:41:13.271950
17.13876793521747,2020-12-01 09:43:13.294380
17.13876793521747,2020-12-01 09:45:13.317973
17.735186147739565,2020-12-01 09:47:13.340621
16.622550763935855,2020-12-01 09:49:13.363179
17.735186147739565,2020-12-01 09:51:13.390558
17.3682801535039,2020-12-01 09:53:13.413186
17.146392736853652,2020-12-01 09:55:13.436923
17.146392736853652,2020-12-01 09:57:13.459752
16.761266301210924,2020-12-01 09:59:13.482347
16.761266301210924,2020-12-01 10:01:13.506385
17.371485776881745,2020-12-01 10:03:13.529211
16.373132651904513,2020-12-01 10:05:13.554410
16.985665277253588,2020-12-01 10:07:13.578367
16.985665277253588,2020-12-01 10:09:13.601062
17.596408765152383,2020-12-01 10:11:13.626569
16.596917420508568,2020-12-01 10:13:13.649063
17.209924863867997,2020-12-01 10:15:13.674381
17.8211721033246,2020-12-01 10:17:13.695555
17.8211721033246,2020-12-01 10:19:13.718126
16.82058944980443,2020-12-01 10:21:13.745222
17.434053479804312,2020-12-01 10:23:13.767920
17.434053479804312,2020-12-01 10:25:13.791083
17.044155464635537,2020-12-01 10:27:13.813613
17.65805887879999,2020-12-01 10:29:13.836150
17.65805887879999,2020-12-01 10:31:13.862745
17.65805887879999,2020-12-01 10:33:13.886355
17.267621665151893,2020-12-01 10:35:13.922758
17.88194821401283,2020-12-01 10:37:13.949149
17.88194821401283,2020-12-01 10:39:13.971880
18.586644962367206,2020-12-01 10:41:13.998321
19.19166949065241,2020-12-01 10:43:14.021144
18.812699151391573,2020-12-01 10:45:14.045586
19.418327888526964,2020-12-01 10:47:14.068029
19.03855075299485,2020-12-01 10:49:14.090746
19.644761174696768,2020-12-01 10:51:14.116762
20.24936952916874,2020-12-01 10:53:14.140769
19.870982546306724,2020-12-01 10:55:14.165317
20.47617397143128,2020-12-01 10:57:14.186546
20.097004187547356,2020-12-01 10:59:14.207965
20.097004187547356,2020-12-01 11:01:14.232579
20.32283736512057,2020-12-01 11:05:10.972459
20.92913385118087,2020-12-01 11:07:10.998013
20.548492513096754,2020-12-01 11:09:11.020723
21.155313080297233,2020-12-01 11:11:11.044430
20.773979308514754,2020-12-01 11:13:11.075022
21.381306267591484,2020-12-01 11:15:11.097260
21.987169965910866,2020-12-01 11:17:11.119714
21.607123279234173,2020-12-01 11:19:11.142524
22.21349560006263,2020-12-01 11:21:11.165126
21.832773295165303,2020-12-01 11:23:11.187313
22.43963780015472,2020-12-01 11:25:11.211088
22.05826486779865,2020-12-01 11:27:11.233493
22.665605900922273,2020-12-01 11:29:11.256001
22.28360597479473,2020-12-01 11:31:11.278681
22.891408613611098,2020-12-01 11:33:11.298953
22.50880406659114,2020-12-01 11:35:11.321251
22.733866109288208,2020-12-01 11:38:36.062992
23.342549904846166,2020-12-01 11:42:31.331848
23.949903486255856,2020-12-01 11:44:31.357621
23.567903225398766,2020-12-01 11:46:31.380150
23.567903225398766,2020-12-01 11:48:31.402710
23.18360771900901,2020-12-01 11:50:31.424220
24.401334859302395,2020-12-01 11:54:09.514171
24.62683450085406,2020-12-01 11:56:09.542087
25.234199340138787,2020-12-01 11:58:09.565768
24.85219879471802,2020-12-01 12:00:09.588407
25.45997789620909,2020-12-01 12:02:09.611177
25.68561564137095,2020-12-01 12:04:09.633853
25.68561564137095,2020-12-01 12:06:09.659374
25.91111872101594,2020-12-01 12:08:09.682059
27.12469010504357,2020-12-01 12:10:09.704635
27.956320511625584,2020-12-01 12:12:09.727085
27.956320511625584,2020-12-01 12:14:09.750899
27.5768950602983,2020-12-01 12:16:09.773592
28.18275826331555,2020-12-01 12:18:09.796087
28.18275826331555,2020-12-01 12:20:09.818662
28.18275826331555,2020-12-01 12:22:09.841262
26.969896423439486,2020-12-01 12:24:09.864035
22.184535198495787,2020-12-01 12:26:09.886791
22.855846648624535,2020-12-01 12:28:09.909383
29.014201176801542,2020-12-01 12:30:09.932970
28.02854575636055,2020-12-01 12:32:09.955515
29.014201176801542,2020-12-01 12:34:09.978105
28.635193018266712,2020-12-01 12:36:10.000815
28.635193018266712,2020-12-01 12:38:10.023388
28.635193018266712,2020-12-01 12:40:10.050748
28.635193018266712,2020-12-01 12:42:10.073294
28.635193018266712,2020-12-01 12:44:10.095852
28.635193018266712,2020-12-01 12:46:10.118407
29.240744983974224,2020-12-01 12:48:10.141273
29.240744983974224,2020-12-01 12:50:10.164008
29.240744983974224,2020-12-01 12:52:10.186567
29.240744983974224,2020-12-01 12:54:10.209131
28.86120179354851,2020-12-01 12:56:10.231940
28.86120179354851,2020-12-01 12:58:10.254504
28.25417720550805,2020-12-01 13:00:10.277047
29.240744983974224,2020-12-01 13:02:10.299534
28.86120179354851,2020-12-01 13:04:10.322160
28.86120179354851,2020-12-01 13:06:10.344774
28.86120179354851,2020-12-01 13:08:10.367348
28.86120179354851,2020-12-01 13:10:10.389973
30.07201372302776,2020-12-01 13:12:10.412527
29.467141762045152,2020-12-01 13:14:10.436560
30.07201372302776,2020-12-01 13:16:10.459243
29.693397294962466,2020-12-01 13:18:10.482012
29.693397294962466,2020-12-01 13:20:10.504640
30.29865787199948,2020-12-01 13:22:10.527108
30.29865787199948,2020-12-01 13:24:10.549789
30.29865787199948,2020-12-01 13:26:10.572476
29.91951706687295,2020-12-01 13:28:10.595177
30.525156924858656,2020-12-01 13:30:10.617966
31.129764398362802,2020-12-01 13:32:10.640540
31.129764398362802,2020-12-01 13:34:10.663406
30.751516416612745,2020-12-01 13:36:10.686740
30.977741603945347,2020-12-01 13:38:10.710091
30.977741603945347,2020-12-01 13:40:10.734088
31.583099682841755,2020-12-01 13:42:10.756682
31.583099682841755,2020-12-01 13:44:10.779278
31.203837482513954,2020-12-01 13:46:10.801994
31.583099682841755,2020-12-01 13:48:10.826250
31.203837482513954,2020-12-01 13:50:10.848999
31.809557905127882,2020-12-01 13:52:10.871537
30.822738769645127,2020-12-01 13:54:10.894910
30.822738769645127,2020-12-01 13:56:10.918264
30.822738769645127,2020-12-01 13:58:10.942162
31.429808802971984,2020-12-01 14:00:10.965954
31.429808802971984,2020-12-01 14:02:10.988430
31.04825277140094,2020-12-01 14:04:11.011044
30.822738769645127,2020-12-01 14:06:11.035115
30.43984480165301,2020-12-01 14:08:11.057674
30.43984480165301,2020-12-01 14:10:11.080294
30.43984480165301,2020-12-01 14:12:11.102728
30.055195556639468,2020-12-01 14:14:11.125357
30.66492990000946,2020-12-01 14:16:11.147992
30.055195556639468,2020-12-01 14:18:11.170636
28.8326526305798,2020-12-01 14:20:11.194117
28.8326526305798,2020-12-01 14:22:11.218318
27.995916579501582,2020-12-01 14:24:11.242173
27.382285371289377,2020-12-01 14:26:11.266073
27.15859214265039,2020-12-01 14:28:11.290249
26.544136726364137,2020-12-01 14:30:11.314501
27.547899129200985,2020-12-01 14:32:11.338357
26.710996369468972,2020-12-01 14:34:11.361803
25.48204937245849,2020-12-01 14:36:11.384430
25.258702865075065,2020-12-01 14:38:11.408295
25.03529331173892,2020-12-01 14:40:11.432628
24.419619931661273,2020-12-01 14:42:11.456893
24.419619931661273,2020-12-01 14:44:11.480487
23.802742401955825,2020-12-01 14:46:11.503114
23.40728497888678,2020-12-01 14:48:11.525596
23.40728497888678,2020-12-01 14:50:11.548071
23.40728497888678,2020-12-01 14:52:11.570493
22.787713269312917,2020-12-01 14:54:11.593006
22.787713269312917,2020-12-01 14:56:11.615581
23.40728497888678,2020-12-01 14:58:11.639321
22.16689278952854,2020-12-01 15:00:11.662294
20.92142421477329,2020-12-01 15:02:11.685387
21.322796912543303,2020-12-01 15:04:11.708027
19.85339558252072,2020-12-01 15:06:11.730467
18.78457406544854,2020-12-01 15:08:11.752936
18.562999933521148,2020-12-01 15:10:11.776430
18.562999933521148,2020-12-01 15:12:11.798801
17.936313462647014,2020-12-01 15:14:11.821342
18.157741472706192,2020-12-01 15:16:11.844019
18.157741472706192,2020-12-01 15:18:11.866684
17.12088259098323,2020-12-01 15:20:11.889107
17.12088259098323,2020-12-01 15:22:11.911897
17.12088259098323,2020-12-01 15:24:11.935885
17.750749164037067,2020-12-01 15:26:11.958386
18.157741472706192,2020-12-01 15:28:11.980988
18.157741472706192,2020-12-01 15:30:12.003645
17.71487250045506,2020-12-01 15:32:12.026589
17.529455761619253,2020-12-01 15:34:12.049485
16.89969096408189,2020-12-01 15:36:12.072276
16.89969096408189,2020-12-01 15:38:12.095703
17.3081536055861,2020-12-01 15:40:12.118144
15.635616903401974,2020-12-01 15:42:12.140557
16.268420449627968,2020-12-01 15:44:12.163075
15.856669378885968,2020-12-01 15:46:12.185554
16.48953150564438,2020-12-01 15:48:12.208120
15.66430134521304,2020-12-01 15:50:12.232114
15.249316227748132,2020-12-01 15:52:12.254533
15.470320810758977,2020-12-01 15:54:12.277001
16.106332368793844,2020-12-01 15:56:12.299638
15.318399999999997,2020-12-01 15:58:12.322277
15.318399999999997,2020-12-01 16:00:12.344716
15.180799999999998,2020-12-01 16:02:12.367135
14.822399999999995,2020-12-01 16:04:12.389593
15.180799999999998,2020-12-01 16:06:12.412130
15.043199999999999,2020-12-01 16:08:12.434531
15.043199999999999,2020-12-01 16:10:12.456932
14.547199999999997,2020-12-01 16:12:12.479253
14.547199999999997,2020-12-01 16:14:12.502026
14.547199999999997,2020-12-01 16:16:12.525904
14.1888,2020-12-01 16:18:12.548339
14.1888,2020-12-01 16:20:12.570857
14.105599999999995,2020-12-01 16:22:12.593323
13.526399999999995,2020-12-01 16:24:12.615682
14.105599999999995,2020-12-01 16:26:12.638099
15.126399999999997,2020-12-01 16:28:12.660556
14.547199999999997,2020-12-01 16:30:12.683081
14.105599999999995,2020-12-01 16:32:12.705557
16.755199999999995,2020-12-01 16:34:12.727947
25.116799999999998,2020-12-01 16:36:12.750409
38.001625856970975,2020-12-01 16:38:12.773052
42.4780582804636,2020-12-01 16:40:12.795575
39.00739025380477,2020-12-01 16:42:12.819359
32.659450584822594,2020-12-01 16:44:12.841997
20.335166465299423,2020-12-01 16:46:12.866662
9.632353015421781,2020-12-01 16:48:12.890162
6.601962153768664,2020-12-01 16:50:12.912669
6.7519594734050195,2020-12-01 16:52:12.935244
5.863685316005123,2020-12-01 16:54:12.958549
5.418805323142902,2020-12-01 16:56:12.981901
5.196099244193293,2020-12-01 16:58:13.005275
4.973169026218745,2020-12-01 17:00:13.028009
4.353356531063866,2020-12-01 17:02:13.050477
4.131320663599162,2020-12-01 17:04:13.073036
2.8730595791409517,2020-12-01 17:06:13.095507
3.284569794386032,2020-12-01 17:08:13.119399
2.2912,2020-12-01 17:10:13.142134
1.9328000000000003,2020-12-01 17:12:13.164508
2.0704000000000002,2020-12-01 17:14:13.187698
1.3536000000000001,2020-12-01 17:16:13.210887
1.4912,2020-12-01 17:18:13.234198
1.1327999999999996,2020-12-01 17:20:13.256835
1.2703999999999995,2020-12-01 17:22:13.279395
0.9119999999999999,2020-12-01 17:24:13.301998
0.6640000000000001,2020-12-01 17:26:13.324657
0.6640000000000001,2020-12-01 17:28:13.347317
0.7040000000000004,2020-12-01 17:30:13.370087
0.4992000000000003,2020-12-01 17:32:13.392594
0.4992000000000003,2020-12-01 17:34:13.416580
0.2944000000000002,2020-12-01 17:36:13.439269
0.2944000000000002,2020-12-01 17:38:13.461974
0.2944000000000002,2020-12-01 17:40:13.484494
0.08960000000000012,2020-12-01 17:42:13.507176
0.08960000000000012,2020-12-01 17:44:13.529737
0.08960000000000012,2020-12-01 17:46:13.552441
0.33440000000000003,2020-12-01 17:48:13.574967
0.08960000000000012,2020-12-01 17:50:13.597506
0.33440000000000003,2020-12-01 17:52:13.620118
0.33440000000000003,2020-12-01 17:54:13.642844
0.33440000000000003,2020-12-01 17:56:13.665491
0.33440000000000003,2020-12-01 17:58:13.688106
0.2944000000000002,2020-12-01 18:00:13.713113
0.2944000000000002,2020-12-01 18:02:13.735607
0.2944000000000002,2020-12-01 18:04:13.758175
0.2944000000000002,2020-12-01 18:06:13.780823
0.2944000000000002,2020-12-01 18:08:13.803346
0.2944000000000002,2020-12-01 18:10:13.825877
0.2944000000000002,2020-12-01 18:12:13.848398
0.2944000000000002,2020-12-01 18:14:13.871066
0.2944000000000002,2020-12-01 18:16:13.893740
0.2944000000000002,2020-12-01 18:18:13.916350
0.2944000000000002,2020-12-01 18:20:13.939009
0.2944000000000002,2020-12-01 18:22:13.961529
0.2944000000000002,2020-12-01 18:24:13.984240
0.2944000000000002,2020-12-01 18:26:14.008221
0.2944000000000002,2020-12-01 18:28:14.030840
0.2944000000000002,2020-12-01 18:30:14.053346
0.2944000000000002,2020-12-01 18:32:14.075913
0.2944000000000002,2020-12-01 18:34:14.098603
0.2944000000000002,2020-12-01 18:36:14.121317
0.2944000000000002,2020-12-01 18:38:14.144038
0.2944000000000002,2020-12-01 18:40:14.166817
0.2944000000000002,2020-12-01 18:42:14.189366
0.2944000000000002,2020-12-01 18:44:14.212131
0.2944000000000002,2020-12-01 18:46:14.234689
0.2944000000000002,2020-12-01 18:48:14.257242
0.2944000000000002,2020-12-01 18:50:14.279879
0.2944000000000002,2020-12-01 18:52:14.303794
0.2944000000000002,2020-12-01 18:54:14.326471
0.2944000000000002,2020-12-01 18:56:14.349121
0.2944000000000002,2020-12-01 18:58:14.371668
0.2944000000000002,2020-12-01 19:00:14.394306
0.2944000000000002,2020-12-01 19:02:14.416856
0.2944000000000002,2020-12-01 19:04:14.439467
0.2944000000000002,2020-12-01 19:06:14.462092
0.2944000000000002,2020-12-01 19:08:14.484624
0.2944000000000002,2020-12-01 19:10:14.507248
0.2944000000000002,2020-12-01 19:12:14.529827
0.2944000000000002,2020-12-01 19:14:14.552419
0.2944000000000002,2020-12-01 19:16:14.574969
0.2944000000000002,2020-12-01 19:18:14.590409
0.2944000000000002,2020-12-01 19:20:14.613645
0.2944000000000002,2020-12-01 19:22:14.636209
0.2944000000000002,2020-12-01 19:24:14.659166
0.2944000000000002,2020-12-01 19:26:14.683113
0.2944000000000002,2020-12-01 19:28:14.706404
0.2944000000000002,2020-12-01 19:30:14.729895
0.2944000000000002,2020-12-01 19:32:14.753832
0.2944000000000002,2020-12-01 19:34:14.777435
0.2944000000000002,2020-12-01 19:36:14.800485
0.2944000000000002,2020-12-01 19:38:14.823065
0.2944000000000002,2020-12-01 19:40:14.845580
0.2944000000000002,2020-12-01 19:42:14.868131
0.2944000000000002,2020-12-01 19:44:14.892192
0.2944000000000002,2020-12-01 19:46:14.914727
0.2944000000000002,2020-12-01 19:48:14.937336
0.2944000000000002,2020-12-01 19:50:14.959921
0.2944000000000002,2020-12-01 19:52:14.983094
0.2944000000000002,2020-12-01 19:54:15.005524
