percentage,averaged_value,raw_value,timestamp
47.43911439114391,11395.2,11389,2020-12-01 11:52:09.520843
47.458487084870846,11391.0,11379,2020-12-01 11:56:09.605772
47.47785977859779,11386.8,11380,2020-12-01 11:58:09.642424
47.491697416974176,11383.8,11384,2020-12-01 12:00:09.679315
47.50738007380074,11380.4,11381,2020-12-01 12:02:09.715734
47.51291512915129,11379.2,11379,2020-12-01 12:04:09.752087
47.51383763837639,11379.0,11381,2020-12-01 12:06:09.789097
47.51383763837639,11379.0,11380,2020-12-01 12:08:09.825496
47.52029520295202,11377.6,11379,2020-12-01 12:10:09.862433
47.52490774907749,11376.6,11378,2020-12-01 12:12:09.899019
47.52490774907749,11376.6,11378,2020-12-01 12:14:09.935738
47.528597785977865,11375.8,11380,2020-12-01 12:16:09.972543
47.53044280442804,11375.4,11380,2020-12-01 12:18:10.009069
47.53044280442804,11375.4,11377,2020-12-01 12:20:10.045955
47.52675276752767,11376.2,11380,2020-12-01 12:22:10.082041
47.525830258302584,11376.4,11378,2020-12-01 12:24:10.118727
47.525830258302584,11376.4,11377,2020-12-01 12:26:10.157323
47.52490774907749,11376.6,11378,2020-12-01 12:28:10.194410
47.525830258302584,11376.4,11380,2020-12-01 12:30:10.231382
47.52952029520296,11375.6,11376,2020-12-01 12:32:10.268732
47.53044280442804,11375.4,11379,2020-12-01 12:34:10.305957
47.52952029520296,11375.6,11381,2020-12-01 12:36:10.343992
47.53044280442804,11375.4,11377,2020-12-01 12:38:10.381949
47.53044280442804,11375.4,11377,2020-12-01 12:40:10.419082
47.528597785977865,11375.8,11379,2020-12-01 12:42:10.455729
47.52767527675277,11376.0,11378,2020-12-01 12:44:10.492352
47.525830258302584,11376.4,11379,2020-12-01 12:46:10.529856
47.52490774907749,11376.6,11377,2020-12-01 12:48:10.640305
47.52398523985241,11376.8,11378,2020-12-01 12:50:10.677128
47.509225092250915,11380.0,11395,2020-12-01 12:52:10.714832
47.510147601476014,11379.8,11381,2020-12-01 12:54:10.751389
47.511070110701105,11379.6,11378,2020-12-01 12:56:10.789738
47.50738007380074,11380.4,11380,2020-12-01 12:58:10.827842
47.48616236162362,11385.0,11400,2020-12-01 13:00:10.865763
47.49261992619927,11383.6,11385,2020-12-01 13:02:10.901514
47.49261992619927,11383.6,11379,2020-12-01 13:04:10.938819
47.496309963099634,11382.8,11378,2020-12-01 13:06:10.976413
47.50369003690037,11381.2,11375,2020-12-01 13:08:11.013325
47.53044280442804,11375.4,11375,2020-12-01 13:10:11.050208
47.54151291512915,11373.0,11374,2020-12-01 13:12:11.086952
47.544280442804435,11372.4,11374,2020-12-01 13:14:11.123830
47.54520295202952,11372.2,11375,2020-12-01 13:16:11.160836
47.542435424354245,11372.8,11379,2020-12-01 13:18:11.197577
47.53690036900369,11374.0,11376,2020-12-01 13:20:11.234548
47.53505535055351,11374.4,11377,2020-12-01 13:22:11.273109
47.53321033210332,11374.8,11380,2020-12-01 13:24:11.310018
47.531365313653126,11375.2,11378,2020-12-01 13:26:11.346973
47.53044280442804,11375.4,11376,2020-12-01 13:28:11.383898
47.52952029520296,11375.6,11378,2020-12-01 13:30:11.420736
47.53044280442804,11375.4,11377,2020-12-01 13:32:11.459203
47.52952029520296,11375.6,11379,2020-12-01 13:34:11.497664
47.52952029520296,11375.6,11376,2020-12-01 13:36:11.535851
47.53044280442804,11375.4,11379,2020-12-01 13:38:11.573985
47.531365313653126,11375.2,11379,2020-12-01 13:40:11.611322
47.53044280442804,11375.4,11378,2020-12-01 13:42:11.647807
47.531365313653126,11375.2,11377,2020-12-01 13:44:11.684691
47.528597785977865,11375.8,11380,2020-12-01 13:46:11.721571
47.525830258302584,11376.4,11378,2020-12-01 13:48:11.760368
47.52398523985241,11376.8,11379,2020-12-01 13:50:11.797610
47.51291512915129,11379.2,11390,2020-12-01 13:52:11.834524
47.509225092250915,11380.0,11379,2020-12-01 13:54:11.872700
47.510147601476014,11379.8,11378,2020-12-01 13:56:11.912173
47.51476014760148,11378.8,11376,2020-12-01 13:58:11.951621
47.518450184501845,11378.0,11378,2020-12-01 14:00:11.989605
47.52952029520296,11375.6,11377,2020-12-01 14:02:12.026451
47.53321033210332,11374.8,11375,2020-12-01 14:04:12.063491
47.53321033210332,11374.8,11379,2020-12-01 14:06:12.100213
47.53044280442804,11375.4,11380,2020-12-01 14:08:12.136998
47.52767527675277,11376.0,11380,2020-12-01 14:10:12.173079
47.52675276752767,11376.2,11378,2020-12-01 14:12:12.209956
47.52490774907749,11376.6,11378,2020-12-01 14:14:12.246079
47.52490774907749,11376.6,11379,2020-12-01 14:16:12.283404
47.52306273062731,11377.0,11379,2020-12-01 14:18:12.319412
47.52214022140221,11377.2,11378,2020-12-01 14:20:12.358472
47.52121771217712,11377.4,11379,2020-12-01 14:22:12.397145
47.52214022140221,11377.2,11378,2020-12-01 14:24:12.436105
47.52306273062731,11377.0,11376,2020-12-01 14:26:12.474253
47.52490774907749,11376.6,11377,2020-12-01 14:28:12.512751
47.52675276752767,11376.2,11380,2020-12-01 14:30:12.550276
47.49815498154981,11382.4,11412,2020-12-01 14:32:12.587388
47.49446494464944,11383.2,11383,2020-12-01 14:34:12.625553
47.48616236162362,11385.0,11387,2020-12-01 14:36:12.663441
47.47970479704797,11386.4,11383,2020-12-01 14:38:12.702747
47.47970479704797,11386.4,11378,2020-12-01 14:40:12.743012
47.505535055350556,11380.8,11382,2020-12-01 14:42:12.781044
47.511070110701105,11379.6,11376,2020-12-01 14:44:12.819331
47.52029520295202,11377.6,11378,2020-12-01 14:46:12.855149
47.52952029520296,11375.6,11375,2020-12-01 14:48:12.892085
47.53321033210332,11374.8,11377,2020-12-01 14:50:12.929596
47.53966789667897,11373.4,11377,2020-12-01 14:52:12.966428
47.53874538745387,11373.6,11377,2020-12-01 14:54:13.004543
47.53874538745387,11373.6,11374,2020-12-01 14:56:13.041366
47.5359778597786,11374.2,11378,2020-12-01 14:58:13.078575
47.53505535055351,11374.4,11374,2020-12-01 15:00:13.115773
47.53505535055351,11374.4,11375,2020-12-01 15:02:13.152744
47.53782287822879,11373.8,11377,2020-12-01 15:04:13.189799
47.53782287822879,11373.8,11377,2020-12-01 15:06:13.227903
47.54059040590406,11373.2,11376,2020-12-01 15:08:13.265154
47.54059040590406,11373.2,11374,2020-12-01 15:10:13.301968
47.53782287822879,11373.8,11380,2020-12-01 15:12:13.338728
47.53690036900369,11374.0,11376,2020-12-01 15:14:13.375621
47.5359778597786,11374.2,11379,2020-12-01 15:16:13.413186
47.53505535055351,11374.4,11375,2020-12-01 15:18:13.450419
47.534132841328415,11374.6,11378,2020-12-01 15:20:13.487565
47.53690036900369,11374.0,11376,2020-12-01 15:22:13.524401
47.53690036900369,11374.0,11376,2020-12-01 15:24:13.561306
47.54059040590406,11373.2,11375,2020-12-01 15:26:13.598070
47.544280442804435,11372.4,11375,2020-12-01 15:28:13.635157
47.5470479704797,11371.8,11373,2020-12-01 15:30:13.672794
47.5470479704797,11371.8,11375,2020-12-01 15:32:13.711097
47.54520295202952,11372.2,11377,2020-12-01 15:34:13.746974
47.54335793357933,11372.6,11376,2020-12-01 15:36:13.783741
47.53966789667897,11373.4,11378,2020-12-01 15:38:13.820522
47.5359778597786,11374.2,11378,2020-12-01 15:40:13.857303
47.5359778597786,11374.2,11375,2020-12-01 15:42:13.893419
47.53690036900369,11374.0,11377,2020-12-01 15:44:13.930343
47.53690036900369,11374.0,11375,2020-12-01 15:46:13.967034
47.53874538745387,11373.6,11377,2020-12-01 15:48:14.003863
47.54151291512915,11373.0,11375,2020-12-01 15:50:14.040701
47.54151291512915,11373.0,11374,2020-12-01 15:52:14.077471
47.54059040590406,11373.2,11376,2020-12-01 15:54:14.114216
47.54059040590406,11373.2,11377,2020-12-01 15:56:14.152265
47.53874538745387,11373.6,11377,2020-12-01 15:58:14.190922
47.53874538745387,11373.6,11375,2020-12-01 16:00:14.228798
47.53690036900369,11374.0,11376,2020-12-01 16:02:14.266806
47.53874538745387,11373.6,11376,2020-12-01 16:04:14.303855
47.53966789667897,11373.4,11376,2020-12-01 16:06:14.341912
47.54059040590406,11373.2,11374,2020-12-01 16:08:14.378839
47.542435424354245,11372.8,11374,2020-12-01 16:10:14.416056
47.54335793357933,11372.6,11376,2020-12-01 16:12:14.452877
47.544280442804435,11372.4,11375,2020-12-01 16:14:14.489629
47.54335793357933,11372.6,11378,2020-12-01 16:16:14.526379
47.54151291512915,11373.0,11376,2020-12-01 16:18:14.563179
47.53690036900369,11374.0,11378,2020-12-01 16:20:14.599931
47.53690036900369,11374.0,11376,2020-12-01 16:22:14.639987
47.53690036900369,11374.0,11374,2020-12-01 16:24:14.678139
47.53782287822879,11373.8,11376,2020-12-01 16:26:14.714946
47.54059040590406,11373.2,11378,2020-12-01 16:28:14.751829
47.53966789667897,11373.4,11378,2020-12-01 16:30:14.789799
47.53782287822879,11373.8,11377,2020-12-01 16:32:14.829750
47.5359778597786,11374.2,11376,2020-12-01 16:34:14.867910
47.53321033210332,11374.8,11376,2020-12-01 16:36:14.905279
47.532287822878224,11375.0,11376,2020-12-01 16:38:14.942416
47.534132841328415,11374.6,11379,2020-12-01 16:40:14.979128
47.53505535055351,11374.4,11378,2020-12-01 16:42:15.018908
47.532287822878224,11375.0,11377,2020-12-01 16:44:15.056993
47.53321033210332,11374.8,11379,2020-12-01 16:46:15.093813
47.53044280442804,11375.4,11381,2020-12-01 16:48:15.130701
47.52952029520296,11375.6,11375,2020-12-01 16:50:15.168678
47.528597785977865,11375.8,11378,2020-12-01 16:52:15.209456
47.528597785977865,11375.8,11378,2020-12-01 16:54:15.246255
47.52767527675277,11376.0,11379,2020-12-01 16:56:15.283343
47.52952029520296,11375.6,11375,2020-12-01 16:58:15.320527
47.52952029520296,11375.6,11378,2020-12-01 17:00:15.358775
47.53044280442804,11375.4,11377,2020-12-01 17:02:15.398806
47.531365313653126,11375.2,11380,2020-12-01 17:04:15.436293
47.528597785977865,11375.8,11379,2020-12-01 17:06:15.474250
47.52490774907749,11376.6,11380,2020-12-01 17:08:15.512073
47.51752767527675,11378.2,11386,2020-12-01 17:10:15.547834
47.510147601476014,11379.8,11384,2020-12-01 17:12:15.588012
47.50738007380074,11380.4,11379,2020-12-01 17:14:15.624656
47.509225092250915,11380.0,11381,2020-12-01 17:16:15.662944
47.510147601476014,11379.8,11378,2020-12-01 17:18:15.699823
47.51752767527675,11378.2,11378,2020-12-01 17:20:15.736590
47.525830258302584,11376.4,11376,2020-12-01 17:22:15.776695
47.52675276752767,11376.2,11381,2020-12-01 17:24:15.813512
47.52767527675277,11376.0,11378,2020-12-01 17:26:15.850502
47.52767527675277,11376.0,11379,2020-12-01 17:28:15.887402
47.52490774907749,11376.6,11380,2020-12-01 17:30:15.924296
47.52121771217712,11377.4,11380,2020-12-01 17:32:15.961872
47.52214022140221,11377.2,11381,2020-12-01 17:34:15.999138
47.52029520295202,11377.6,11379,2020-12-01 17:36:16.036602
47.52029520295202,11377.6,11378,2020-12-01 17:38:16.074022
47.52121771217712,11377.4,11380,2020-12-01 17:40:16.111365
47.52214022140221,11377.2,11380,2020-12-01 17:42:16.150045
47.52490774907749,11376.6,11379,2020-12-01 17:44:16.187450
47.48616236162362,11385.0,11423,2020-12-01 17:46:16.224644
47.459409594095945,11390.8,11410,2020-12-01 17:48:16.261992
47.44649446494464,11393.6,11392,2020-12-01 17:50:16.300458
47.441881918819185,11394.6,11386,2020-12-01 17:52:16.337979
47.43911439114391,11395.2,11379,2020-12-01 17:54:16.375874
47.48062730627306,11386.2,11377,2020-12-01 17:56:16.413115
47.50830258302583,11380.2,11380,2020-12-01 17:58:16.450276
47.518450184501845,11378.0,11381,2020-12-01 18:00:16.487178
47.52029520295202,11377.6,11383,2020-12-01 18:02:16.524029
47.51660516605166,11378.4,11381,2020-12-01 18:04:16.560790
47.50184501845018,11381.6,11389,2020-12-01 18:06:16.597561
47.50276752767528,11381.4,11379,2020-12-01 18:08:16.635783
47.50738007380074,11380.4,11379,2020-12-01 18:10:16.672034
47.50738007380074,11380.4,11382,2020-12-01 18:12:16.708999
47.510147601476014,11379.8,11382,2020-12-01 18:14:16.745876
47.52029520295202,11377.6,11384,2020-12-01 18:16:16.782572
47.51752767527675,11378.2,11381,2020-12-01 18:18:16.819094
47.511070110701105,11379.6,11384,2020-12-01 18:20:16.855967
47.509225092250915,11380.0,11384,2020-12-01 18:22:16.892761
47.50830258302583,11380.2,11382,2020-12-01 18:24:16.929606
47.50738007380074,11380.4,11385,2020-12-01 18:26:16.966471
47.50369003690037,11381.2,11384,2020-12-01 18:28:17.003822
47.505535055350556,11380.8,11382,2020-12-01 18:30:17.041052
47.505535055350556,11380.8,11386,2020-12-01 18:32:17.078584
47.50461254612546,11381.0,11382,2020-12-01 18:34:17.118530
47.50369003690037,11381.2,11384,2020-12-01 18:36:17.157026
47.505535055350556,11380.8,11383,2020-12-01 18:38:17.194387
47.50461254612546,11381.0,11382,2020-12-01 18:40:17.231808
47.50738007380074,11380.4,11380,2020-12-01 18:42:17.269571
47.50645756457564,11380.6,11381,2020-12-01 18:44:17.306974
47.509225092250915,11380.0,11382,2020-12-01 18:46:17.344559
47.510147601476014,11379.8,11381,2020-12-01 18:48:17.382204
47.510147601476014,11379.8,11383,2020-12-01 18:50:17.419226
47.509225092250915,11380.0,11384,2020-12-01 18:52:17.456835
47.505535055350556,11380.8,11385,2020-12-01 18:54:17.495457
47.5009225092251,11381.8,11385,2020-12-01 18:56:17.533280
47.497232472324725,11382.6,11385,2020-12-01 18:58:17.570687
47.496309963099634,11382.8,11385,2020-12-01 19:00:17.609261
47.49261992619927,11383.6,11385,2020-12-01 19:02:17.647832
47.49446494464944,11383.2,11383,2020-12-01 19:04:17.683882
47.49815498154981,11382.4,11382,2020-12-01 19:06:17.722766
47.5,11382.0,11385,2020-12-01 19:08:17.759435
47.5,11382.0,11383,2020-12-01 19:10:17.796430
47.50184501845018,11381.6,11384,2020-12-01 19:12:17.833388
47.50369003690037,11381.2,11385,2020-12-01 19:14:17.870660
47.5,11382.0,11384,2020-12-01 19:16:17.907790
47.50184501845018,11381.6,11381,2020-12-01 19:18:17.946026
47.50276752767528,11381.4,11385,2020-12-01 19:20:17.983166
47.50369003690037,11381.2,11385,2020-12-01 19:22:18.021063
47.50369003690037,11381.2,11383,2020-12-01 19:24:18.060275
47.50461254612546,11381.0,11384,2020-12-01 19:26:18.099525
47.5009225092251,11381.8,11386,2020-12-01 19:28:18.136296
47.497232472324725,11382.6,11386,2020-12-01 19:30:18.173674
47.49354243542435,11383.4,11385,2020-12-01 19:32:18.211620
47.49077490774908,11384.0,11386,2020-12-01 19:34:18.249469
47.49261992619927,11383.6,11385,2020-12-01 19:36:18.286451
47.49077490774908,11384.0,11386,2020-12-01 19:38:18.324894
47.48985239852398,11384.2,11387,2020-12-01 19:40:18.361999
47.49261992619927,11383.6,11386,2020-12-01 19:42:18.400230
47.48985239852398,11384.2,11388,2020-12-01 19:44:18.437180
47.48616236162362,11385.0,11386,2020-12-01 19:46:18.474101
47.48708487084872,11384.8,11385,2020-12-01 19:48:18.511474
47.488929889298895,11384.4,11385,2020-12-01 19:50:18.548329
47.48616236162362,11385.0,11385,2020-12-01 19:52:18.585938
47.488929889298895,11384.4,11384,2020-12-01 19:54:18.623167
47.49077490774908,11384.0,11386,2020-12-01 19:56:18.660149
47.48985239852398,11384.2,11386,2020-12-01 19:58:18.697159
47.49077490774908,11384.0,11385,2020-12-01 20:00:18.735349
47.491697416974176,11383.8,11384,2020-12-01 20:02:18.772533
47.49077490774908,11384.0,11385,2020-12-01 20:04:18.810789
47.4880073800738,11384.6,11389,2020-12-01 20:06:18.848904
47.488929889298895,11384.4,11389,2020-12-01 20:08:18.886266
47.48616236162362,11385.0,11387,2020-12-01 20:10:18.923126
47.48431734317343,11385.4,11387,2020-12-01 20:12:18.960171
47.48431734317343,11385.4,11385,2020-12-01 20:14:18.997109
47.48523985239852,11385.2,11386,2020-12-01 20:16:19.034198
47.48523985239852,11385.2,11386,2020-12-01 20:18:19.073752
47.48708487084872,11384.8,11385,2020-12-01 20:20:19.112365
47.488929889298895,11384.4,11387,2020-12-01 20:22:19.150908
47.488929889298895,11384.4,11389,2020-12-01 20:24:19.189081
47.48616236162362,11385.0,11389,2020-12-01 20:26:19.227461
47.48431734317343,11385.4,11389,2020-12-01 20:28:19.265988
47.48523985239852,11385.2,11386,2020-12-01 20:30:19.304265
47.481549815498155,11386.0,11388,2020-12-01 20:32:19.341387
47.48247232472325,11385.8,11389,2020-12-01 20:34:19.380337
47.48431734317343,11385.4,11388,2020-12-01 20:36:19.416690
47.41559040590406,11400.3,11391,2020-12-01 20:44:16.939161
47.330258302583026,11418.8,11584,2020-12-01 20:46:16.980772
47.23892988929889,11438.6,11592,2020-12-01 20:48:17.017799
47.13376383763838,11461.4,11626,2020-12-01 20:50:17.054625
47.032287822878224,11483.4,11624,2020-12-01 20:52:17.091430
46.92573800738007,11506.5,11635,2020-12-01 20:54:17.128311
46.29520295202951,11643.2,11640,2020-12-01 20:56:21.912832
46.29612546125461,11643.0,11634,2020-12-01 20:58:21.953405
46.32979704797048,11635.7,11574,2020-12-01 21:00:21.989889
46.367158671586715,11627.6,11570,2020-12-01 21:02:22.025305
46.3929889298893,11622.0,11589,2020-12-01 21:04:22.060891
46.398985239852394,11620.7,11630,2020-12-01 21:06:22.097189
46.408210332103316,11618.7,11627,2020-12-01 21:08:22.133665
46.41835793357934,11616.5,11623,2020-12-01 21:10:22.170083
46.42988929889299,11614.0,11623,2020-12-01 21:12:22.206610
46.44326568265682,11611.1,11624,2020-12-01 21:14:22.242436
46.455258302583026,11608.5,11622,2020-12-01 21:16:22.279140
46.491236162361616,11600.7,11560,2020-12-01 21:18:22.315787
46.497232472324725,11599.4,11559,2020-12-01 21:20:22.351354
46.50230627306273,11598.3,11558,2020-12-01 21:22:22.389231
46.5179889298893,11594.9,11558,2020-12-01 21:24:22.425688
46.552583025830266,11587.4,11558,2020-12-01 21:26:22.462151
46.584409594095945,11580.5,11557,2020-12-01 21:28:22.498863
46.61439114391144,11574.0,11558,2020-12-01 21:30:22.535437
46.64483394833948,11567.4,11560,2020-12-01 21:32:22.573088
46.675738007380076,11560.7,11557,2020-12-01 21:34:22.609734
46.70571955719557,11554.2,11557,2020-12-01 21:36:22.646265
46.70618081180812,11554.1,11559,2020-12-01 21:38:22.682821
46.707103321033216,11553.9,11560,2020-12-01 21:40:22.719394
46.70618081180812,11554.1,11559,2020-12-01 21:42:22.755881
46.70525830258303,11554.3,11558,2020-12-01 21:44:22.793515
46.70525830258303,11554.3,11558,2020-12-01 21:46:22.829993
46.70525830258303,11554.3,11561,2020-12-01 21:48:22.938478
46.704335793357934,11554.5,11558,2020-12-01 21:50:22.973341
46.704335793357934,11554.5,11560,2020-12-01 21:52:23.010232
46.70387453874538,11554.6,11558,2020-12-01 21:54:23.047328
46.702490774907744,11554.9,11559,2020-12-01 21:56:23.084487
46.702490774907744,11554.9,11559,2020-12-01 21:58:23.122666
46.702029520295206,11555.0,11561,2020-12-01 22:00:23.160992
46.69972324723247,11555.5,11564,2020-12-01 22:02:23.198030
46.69787822878229,11555.9,11561,2020-12-01 22:04:23.234735
46.694649446494466,11556.6,11564,2020-12-01 22:06:23.272841
46.6909594095941,11557.4,11564,2020-12-01 22:08:23.310392
46.688653136531364,11557.9,11563,2020-12-01 22:10:23.347383
46.68127306273063,11559.5,11574,2020-12-01 22:12:23.385186
46.67758302583026,11560.3,11565,2020-12-01 22:14:23.422485
46.67527675276754,11560.8,11567,2020-12-01 22:16:23.459575
46.6720479704797,11561.5,11567,2020-12-01 22:18:23.496651
46.66928044280443,11562.1,11567,2020-12-01 22:20:23.533519
46.66651291512915,11562.7,11570,2020-12-01 22:22:23.570933
46.66282287822878,11563.5,11571,2020-12-01 22:24:23.607924
46.660516605166045,11564.0,11569,2020-12-01 22:26:23.644999
46.655442804428034,11565.1,11574,2020-12-01 22:28:23.682054
46.65313653136531,11565.6,11571,2020-12-01 22:30:23.719079
46.656826568265686,11564.8,11568,2020-12-01 22:32:23.754778
46.65590405904059,11565.0,11568,2020-12-01 22:34:23.791699
46.655442804428034,11565.1,11569,2020-12-01 22:36:23.828351
46.65405904059041,11565.4,11570,2020-12-01 22:38:23.865130
46.65221402214023,11565.8,11570,2020-12-01 22:40:23.901808
46.65221402214023,11565.8,11572,2020-12-01 22:42:23.938658
46.65267527675277,11565.7,11569,2020-12-01 22:44:23.975386
46.65221402214023,11565.8,11571,2020-12-01 22:46:24.011521
46.65452029520295,11565.3,11569,2020-12-01 22:48:24.049676
46.65405904059041,11565.4,11570,2020-12-01 22:50:24.086460
46.65267527675277,11565.7,11570,2020-12-01 22:52:24.123302
46.65083025830258,11566.1,11571,2020-12-01 22:54:24.161334
46.64944649446494,11566.4,11570,2020-12-01 22:56:24.199214
46.64944649446494,11566.4,11570,2020-12-01 22:58:24.235667
46.63653136531365,11569.2,11599,2020-12-01 23:00:24.271518
46.62084870848708,11572.6,11606,2020-12-01 23:02:24.308214
46.60516605166052,11576.0,11604,2020-12-01 23:04:24.344845
46.59409594095941,11578.4,11596,2020-12-01 23:06:24.381592
46.584409594095945,11580.5,11589,2020-12-01 23:08:24.418294
46.57841328413285,11581.8,11584,2020-12-01 23:10:24.455046
46.57333948339484,11582.9,11579,2020-12-01 23:12:24.491852
46.568726937269375,11583.9,11583,2020-12-01 23:14:24.528582
46.56365313653137,11585.0,11582,2020-12-01 23:16:24.565382
46.55857933579336,11586.1,11581,2020-12-01 23:18:24.601372
46.567804428044276,11584.1,11578,2020-12-01 23:20:24.638333
46.58118081180811,11581.2,11574,2020-12-01 23:22:24.675066
46.59547970479705,11578.1,11572,2020-12-01 23:24:24.711174
46.60285977859778,11576.5,11578,2020-12-01 23:26:24.748800
46.610701107011074,11574.8,11575,2020-12-01 23:28:24.785543
46.61392988929889,11574.1,11574,2020-12-01 23:30:24.822271
46.61623616236162,11573.6,11575,2020-12-01 23:32:24.859194
46.6190036900369,11573.0,11576,2020-12-01 23:34:24.896006
46.621309963099634,11572.5,11577,2020-12-01 23:36:24.932940
46.62407749077491,11571.9,11576,2020-12-01 23:38:24.969829
46.626383763837644,11571.4,11574,2020-12-01 23:40:25.006601
46.62592250922509,11571.5,11577,2020-12-01 23:42:25.043379
46.62499999999999,11571.7,11576,2020-12-01 23:44:25.081277
46.625461254612546,11571.6,11578,2020-12-01 23:46:25.119467
46.62499999999999,11571.7,11576,2020-12-01 23:48:25.157218
46.62407749077491,11571.9,11577,2020-12-01 23:50:25.195126
46.624538745387454,11571.8,11575,2020-12-01 23:52:25.231326
46.623616236162356,11572.0,11576,2020-12-01 23:54:25.267678
46.62407749077491,11571.9,11578,2020-12-01 23:56:25.304845
46.62223247232473,11572.3,11579,2020-12-01 23:58:25.343042
46.619464944649444,11572.9,11581,2020-12-02 00:00:25.379856
46.618542435424345,11573.1,11577,2020-12-02 00:02:25.417039
46.61577490774908,11573.7,11580,2020-12-02 00:04:25.454612
46.61439114391144,11574.0,11580,2020-12-02 00:06:25.492867
46.611623616236166,11574.6,11580,2020-12-02 00:08:25.529469
46.61023985239853,11574.9,11581,2020-12-02 00:10:25.565981
46.60747232472324,11575.5,11582,2020-12-02 00:12:25.602530
46.605627306273064,11575.9,11582,2020-12-02 00:14:25.639391
46.6019372693727,11576.7,11586,2020-12-02 00:16:25.676535
46.60055350553506,11577.0,11583,2020-12-02 00:18:25.712712
46.59963099630996,11577.2,11583,2020-12-02 00:20:25.751126
46.595940959409596,11578.0,11586,2020-12-02 00:22:25.786896
46.59271217712176,11578.7,11588,2020-12-02 00:24:25.823819
46.5890221402214,11579.5,11589,2020-12-02 00:26:25.860832
46.584409594095945,11580.5,11591,2020-12-02 00:28:25.898835
46.58025830258303,11581.4,11591,2020-12-02 00:30:25.935315
46.57656826568265,11582.2,11588,2020-12-02 00:32:25.971956
46.57333948339484,11582.9,11589,2020-12-02 00:34:26.008724
46.57057195571955,11583.5,11590,2020-12-02 00:36:26.045644
46.56688191881919,11584.3,11591,2020-12-02 00:38:26.082649
46.56180811808118,11585.4,11592,2020-12-02 00:40:26.119429
46.559963099631,11585.8,11589,2020-12-02 00:42:26.158730
46.55811808118081,11586.2,11591,2020-12-02 00:44:26.195381
46.557195571955724,11586.4,11589,2020-12-02 00:46:26.231464
46.55673431734317,11586.5,11593,2020-12-02 00:48:26.269506
46.55581180811807,11586.7,11591,2020-12-02 00:50:26.305961
46.555350553505534,11586.8,11590,2020-12-02 00:52:26.342587
46.55488929889299,11586.9,11590,2020-12-02 00:54:26.379510
46.55673431734317,11586.5,11587,2020-12-02 00:56:26.417341
46.55765682656827,11586.3,11590,2020-12-02 00:58:26.454981
46.559963099631,11585.8,11588,2020-12-02 01:00:26.492476
46.559963099631,11585.8,11592,2020-12-02 01:02:26.528132
46.56088560885608,11585.6,11590,2020-12-02 01:04:26.565463
46.559501845018445,11585.9,11595,2020-12-02 01:06:26.602230
46.55904059040591,11586.0,11591,2020-12-02 01:08:26.638585
46.559963099631,11585.8,11590,2020-12-02 01:10:26.677777
46.55904059040591,11586.0,11594,2020-12-02 01:12:26.714509
46.55673431734317,11586.5,11594,2020-12-02 01:14:26.752501
46.55350553505535,11587.2,11595,2020-12-02 01:16:26.789356
46.551199261992615,11587.7,11592,2020-12-02 01:18:26.826042
46.5479704797048,11588.4,11593,2020-12-02 01:20:26.862918
46.54612546125462,11588.8,11595,2020-12-02 01:22:26.899800
46.54381918819188,11589.3,11595,2020-12-02 01:24:26.935617
46.54289667896679,11589.5,11595,2020-12-02 01:26:26.971922
46.54197416974169,11589.7,11595,2020-12-02 01:28:27.010268
46.53874538745387,11590.4,11597,2020-12-02 01:30:27.045957
46.53643911439115,11590.9,11597,2020-12-02 01:32:27.081962
46.53643911439115,11590.9,11593,2020-12-02 01:34:27.119016
46.53643911439115,11590.9,11592,2020-12-02 01:36:27.158629
46.53643911439115,11590.9,11595,2020-12-02 01:38:27.195565
46.537361623616235,11590.7,11594,2020-12-02 01:40:27.232253
46.53643911439115,11590.9,11596,2020-12-02 01:42:27.270398
46.536900369003696,11590.8,11594,2020-12-02 01:44:27.306874
46.53643911439115,11590.9,11597,2020-12-02 01:46:27.346975
46.537361623616235,11590.7,11594,2020-12-02 01:48:27.383678
46.538284132841326,11590.5,11596,2020-12-02 01:50:27.421660
46.53874538745387,11590.4,11594,2020-12-02 01:52:27.457553
46.53874538745387,11590.4,11595,2020-12-02 01:54:27.494214
46.536900369003696,11590.8,11597,2020-12-02 01:56:27.532229
46.53551660516605,11591.1,11594,2020-12-02 01:58:27.569062
46.533210332103316,11591.6,11597,2020-12-02 02:00:27.607193
46.532287822878224,11591.8,11598,2020-12-02 02:02:27.646492
46.531826568265686,11591.9,11594,2020-12-02 02:04:27.683084
46.531826568265686,11591.9,11598,2020-12-02 02:06:27.723568
46.52952029520295,11592.4,11597,2020-12-02 02:08:27.760320
46.528136531365305,11592.7,11598,2020-12-02 02:10:27.796430
46.528136531365305,11592.7,11596,2020-12-02 02:12:27.833296
46.52721402214023,11592.9,11599,2020-12-02 02:14:27.871126
46.52721402214023,11592.9,11597,2020-12-02 02:16:27.911131
46.525830258302584,11593.2,11599,2020-12-02 02:18:27.950579
46.52629151291513,11593.1,11595,2020-12-02 02:20:27.987883
46.52675276752768,11593.0,11597,2020-12-02 02:22:28.026768
46.52675276752768,11593.0,11594,2020-12-02 02:24:28.066261
46.525830258302584,11593.2,11597,2020-12-02 02:26:28.108183
46.525369003690045,11593.3,11599,2020-12-02 02:28:28.145174
46.52629151291513,11593.1,11597,2020-12-02 02:30:28.181380
46.525369003690045,11593.3,11598,2020-12-02 02:32:28.218434
46.525830258302584,11593.2,11598,2020-12-02 02:34:28.255427
46.523985239852394,11593.6,11600,2020-12-02 02:36:28.292254
46.52306273062731,11593.8,11600,2020-12-02 02:38:28.329233
46.522601476014756,11593.9,11599,2020-12-02 02:40:28.366157
46.52121771217712,11594.2,11599,2020-12-02 02:42:28.403033
46.51891143911438,11594.7,11600,2020-12-02 02:44:28.441115
46.51706642066421,11595.1,11602,2020-12-02 02:46:28.478097
46.51476014760148,11595.6,11604,2020-12-02 02:48:28.515200
46.51245387453874,11596.1,11600,2020-12-02 02:50:28.551818
46.51107011070111,11596.4,11601,2020-12-02 02:52:28.588603
46.50922509225093,11596.8,11602,2020-12-02 02:54:28.625690
46.50876383763838,11596.9,11602,2020-12-02 02:56:28.662611
46.50968634686347,11596.7,11602,2020-12-02 02:58:28.699424
46.50876383763838,11596.9,11601,2020-12-02 03:00:28.736289
46.50876383763838,11596.9,11599,2020-12-02 03:02:28.772242
46.50968634686347,11596.7,11599,2020-12-02 03:04:28.809063
46.51107011070111,11596.4,11602,2020-12-02 03:06:28.846128
46.51291512915129,11596.0,11600,2020-12-02 03:08:28.882051
46.51337638376384,11595.9,11598,2020-12-02 03:10:28.920243
46.51476014760148,11595.6,11600,2020-12-02 03:12:28.956503
46.51476014760148,11595.6,11600,2020-12-02 03:14:28.993379
46.51660516605166,11595.2,11599,2020-12-02 03:16:29.030141
46.51568265682657,11595.4,11598,2020-12-02 03:18:29.066809
46.51568265682657,11595.4,11600,2020-12-02 03:20:29.103078
46.51568265682657,11595.4,11600,2020-12-02 03:22:29.139900
46.515221402214024,11595.5,11601,2020-12-02 03:24:29.176637
46.51568265682657,11595.4,11600,2020-12-02 03:26:29.213441
46.51706642066421,11595.1,11600,2020-12-02 03:28:29.250164
46.517527675276746,11595.0,11602,2020-12-02 03:30:29.286930
46.51706642066421,11595.1,11598,2020-12-02 03:32:29.323818
46.5179889298893,11594.9,11599,2020-12-02 03:34:29.360449
46.51614391143912,11595.3,11603,2020-12-02 03:36:29.398719
46.51660516605166,11595.2,11599,2020-12-02 03:38:29.436791
46.51660516605166,11595.2,11601,2020-12-02 03:40:29.473211
46.515221402214024,11595.5,11602,2020-12-02 03:42:29.511311
46.51568265682657,11595.4,11599,2020-12-02 03:44:29.548663
46.51245387453874,11596.1,11605,2020-12-02 03:46:29.587157
46.51060885608857,11596.5,11601,2020-12-02 03:48:29.623962
46.50968634686347,11596.7,11599,2020-12-02 03:50:29.660742
46.50922509225093,11596.8,11602,2020-12-02 03:52:29.697573
46.50922509225093,11596.8,11600,2020-12-02 03:54:29.734376
46.510147601476014,11596.6,11599,2020-12-02 03:56:29.771143
46.51060885608857,11596.5,11600,2020-12-02 03:58:29.807970
46.51107011070111,11596.4,11601,2020-12-02 04:00:29.844879
46.51245387453874,11596.1,11600,2020-12-02 04:02:29.883147
46.51107011070111,11596.4,11599,2020-12-02 04:04:29.919985
46.51291512915129,11596.0,11600,2020-12-02 04:06:29.956697
46.51291512915129,11596.0,11603,2020-12-02 04:08:29.992454
46.51245387453874,11596.1,11601,2020-12-02 04:10:30.029357
46.51291512915129,11596.0,11600,2020-12-02 04:12:30.065514
46.50922509225093,11596.8,11607,2020-12-02 04:14:30.102210
46.49953874538746,11598.9,11620,2020-12-02 04:16:30.139168
46.4940036900369,11600.1,11609,2020-12-02 04:18:30.176028
46.49261992619926,11600.4,11599,2020-12-02 04:20:30.212727
46.493081180811814,11600.3,11600,2020-12-02 04:22:30.249649
46.49446494464945,11600.0,11597,2020-12-02 04:24:30.287678
46.49584870848709,11599.7,11596,2020-12-02 04:26:30.325795
46.497232472324725,11599.4,11598,2020-12-02 04:28:30.364421
46.49953874538746,11598.9,11598,2020-12-02 04:30:30.401803
46.50000000000001,11598.8,11601,2020-12-02 04:32:30.439910
46.503690036900366,11598.0,11600,2020-12-02 04:34:30.476943
46.51337638376384,11595.9,11599,2020-12-02 04:36:30.515278
46.518450184501845,11594.8,11600,2020-12-02 04:38:30.551554
46.518450184501845,11594.8,11601,2020-12-02 04:40:30.589530
46.5179889298893,11594.9,11601,2020-12-02 04:42:30.625438
46.517527675276746,11595.0,11600,2020-12-02 04:44:30.661598
46.51660516605166,11595.2,11603,2020-12-02 04:46:30.698404
46.51568265682657,11595.4,11602,2020-12-02 04:48:30.735434
46.51337638376384,11595.9,11603,2020-12-02 04:50:30.772283
46.51153136531365,11596.3,11602,2020-12-02 04:52:30.809299
46.51060885608857,11596.5,11600,2020-12-02 04:54:30.846929
46.50968634686347,11596.7,11603,2020-12-02 04:56:30.883888
46.50968634686347,11596.7,11600,2020-12-02 04:58:30.920634
46.510147601476014,11596.6,11601,2020-12-02 05:00:30.956749
46.50922509225093,11596.8,11600,2020-12-02 05:02:30.996063
46.50784132841328,11597.1,11602,2020-12-02 05:04:31.032480
46.505535055350556,11597.6,11604,2020-12-02 05:06:31.068204
46.504612546125465,11597.8,11603,2020-12-02 05:08:31.104254
46.505073800738,11597.7,11599,2020-12-02 05:10:31.140319
46.504612546125465,11597.8,11606,2020-12-02 05:12:31.177357
46.503690036900366,11598.0,11601,2020-12-02 05:14:31.214139
46.50415129151292,11597.9,11602,2020-12-02 05:16:31.250979
46.50322878228782,11598.1,11600,2020-12-02 05:18:31.287749
46.50322878228782,11598.1,11600,2020-12-02 05:20:31.323538
46.50276752767527,11598.2,11603,2020-12-02 05:22:31.360185
46.50415129151292,11597.9,11601,2020-12-02 05:24:31.396905
46.505535055350556,11597.6,11601,2020-12-02 05:26:31.433634
46.50645756457564,11597.4,11602,2020-12-02 05:28:31.470277
46.5059963099631,11597.5,11603,2020-12-02 05:30:31.507154
46.50645756457564,11597.4,11601,2020-12-02 05:32:31.543395
46.505535055350556,11597.6,11603,2020-12-02 05:34:31.579940
46.504612546125465,11597.8,11600,2020-12-02 05:36:31.615660
46.503690036900366,11598.0,11603,2020-12-02 05:38:31.652439
46.50276752767527,11598.2,11603,2020-12-02 05:40:31.689104
46.500461254612546,11598.7,11607,2020-12-02 05:42:31.725882
46.497232472324725,11599.4,11608,2020-12-02 05:44:31.762487
46.497232472324725,11599.4,11602,2020-12-02 05:46:31.800633
46.494926199262,11599.9,11604,2020-12-02 05:48:31.837285
46.49446494464945,11600.0,11603,2020-12-02 05:50:31.874362
46.494926199262,11599.9,11602,2020-12-02 05:52:31.911360
46.49584870848709,11599.7,11603,2020-12-02 05:54:31.948759
46.49677121771217,11599.5,11602,2020-12-02 05:56:31.986484
46.49769372693727,11599.3,11605,2020-12-02 05:58:32.023034
46.49861623616236,11599.1,11602,2020-12-02 06:00:32.059840
46.50184501845018,11598.4,11601,2020-12-02 06:02:32.096719
46.505073800738,11597.7,11599,2020-12-02 06:04:32.133803
46.5059963099631,11597.5,11599,2020-12-02 06:06:32.171816
46.50830258302583,11597.0,11600,2020-12-02 06:08:32.208494
46.50922509225093,11596.8,11603,2020-12-02 06:10:32.245534
46.50922509225093,11596.8,11602,2020-12-02 06:12:32.283035
46.510147601476014,11596.6,11601,2020-12-02 06:14:32.319946
46.51060885608857,11596.5,11601,2020-12-02 06:16:32.356670
46.51245387453874,11596.1,11600,2020-12-02 06:18:32.393060
46.51383763837639,11595.8,11599,2020-12-02 06:20:32.431120
46.514298892988926,11595.7,11601,2020-12-02 06:22:32.467267
46.51245387453874,11596.1,11602,2020-12-02 06:24:32.503937
46.511992619926204,11596.2,11601,2020-12-02 06:26:32.540678
46.51245387453874,11596.1,11599,2020-12-02 06:28:32.577518
46.51291512915129,11596.0,11599,2020-12-02 06:30:32.614029
46.51337638376384,11595.9,11602,2020-12-02 06:32:32.650642
46.51383763837639,11595.8,11600,2020-12-02 06:34:32.686468
46.51337638376384,11595.9,11599,2020-12-02 06:36:32.721389
46.51383763837639,11595.8,11598,2020-12-02 06:38:32.756664
46.51153136531365,11596.3,11603,2020-12-02 06:40:32.792261
46.51153136531365,11596.3,11604,2020-12-02 06:42:32.827184
46.510147601476014,11596.6,11611,2020-12-02 06:44:32.859444
46.50876383763838,11596.9,11609,2020-12-02 06:46:32.891525
46.5059963099631,11597.5,11609,2020-12-02 06:48:32.922910
46.50415129151292,11597.9,11604,2020-12-02 06:50:32.959444
46.50230627306273,11598.3,11604,2020-12-02 06:52:32.996234
46.49953874538746,11598.9,11610,2020-12-02 06:54:33.030129
46.49630996309963,11599.6,11615,2020-12-02 06:56:33.061888
46.488468634686356,11601.3,11621,2020-12-02 06:58:33.094564
46.482011070110694,11602.7,11619,2020-12-02 07:00:33.126513
46.478321033210335,11603.5,11611,2020-12-02 07:02:33.158614
46.48108856088561,11602.9,11600,2020-12-02 07:04:33.193681
46.482011070110694,11602.7,11609,2020-12-02 07:06:33.226646
46.48431734317343,11602.2,11600,2020-12-02 07:08:33.261686
46.48616236162362,11601.8,11601,2020-12-02 07:10:33.298370
46.488468634686356,11601.3,11600,2020-12-02 07:12:33.335358
46.492158671586715,11600.5,11597,2020-12-02 07:14:33.371417
46.494926199262,11599.9,11603,2020-12-02 07:16:33.407216
46.5009225092251,11598.6,11607,2020-12-02 07:18:33.440658
46.50922509225093,11596.8,11600,2020-12-02 07:20:33.475817
46.51245387453874,11596.1,11607,2020-12-02 07:22:33.509579
46.51291512915129,11596.0,11599,2020-12-02 07:24:33.546426
46.515221402214024,11595.5,11599,2020-12-02 07:26:33.582593
46.51706642066421,11595.1,11596,2020-12-02 07:28:33.619800
46.517527675276746,11595.0,11599,2020-12-02 07:30:33.656909
46.517527675276746,11595.0,11601,2020-12-02 07:32:33.693536
46.51706642066421,11595.1,11598,2020-12-02 07:34:33.730775
46.519372693726936,11594.6,11597,2020-12-02 07:36:33.770481
46.52167896678967,11594.1,11595,2020-12-02 07:38:33.810839
46.522601476014756,11593.9,11597,2020-12-02 07:40:33.851026
46.523985239852394,11593.6,11597,2020-12-02 07:42:33.892156
46.52444649446495,11593.5,11599,2020-12-02 07:44:33.933499
46.52490774907749,11593.4,11596,2020-12-02 07:46:33.974942
46.52352398523985,11593.7,11598,2020-12-02 07:48:34.015852
46.522601476014756,11593.9,11599,2020-12-02 07:50:34.056766
46.52075645756458,11594.3,11603,2020-12-02 07:52:34.097313
46.518450184501845,11594.8,11602,2020-12-02 07:54:34.137705
46.5179889298893,11594.9,11598,2020-12-02 07:56:34.178681
46.51660516605166,11595.2,11600,2020-12-02 07:58:34.217081
46.51706642066421,11595.1,11596,2020-12-02 08:00:34.253622
46.51891143911438,11594.7,11594,2020-12-02 08:02:34.292422
46.520295202952035,11594.4,11594,2020-12-02 08:04:34.334040
46.520295202952035,11594.4,11595,2020-12-02 08:06:34.374409
46.52306273062731,11593.8,11592,2020-12-02 08:08:34.416258
46.52721402214023,11592.9,11594,2020-12-02 08:10:34.458165
46.53044280442804,11592.2,11595,2020-12-02 08:12:34.500059
46.53274907749078,11591.7,11598,2020-12-02 08:14:34.542335
46.534132841328415,11591.4,11593,2020-12-02 08:16:34.584486
46.5359778597786,11591.0,11594,2020-12-02 08:18:34.626636
46.53551660516605,11591.1,11595,2020-12-02 08:20:34.669153
46.53459409594096,11591.3,11596,2020-12-02 08:22:34.710362
46.534132841328415,11591.4,11596,2020-12-02 08:24:34.752187
46.53551660516605,11591.1,11593,2020-12-02 08:26:34.792631
46.53551660516605,11591.1,11592,2020-12-02 08:28:34.833413
46.533210332103316,11591.6,11596,2020-12-02 08:30:34.870130
46.534132841328415,11591.4,11594,2020-12-02 08:32:34.910052
46.53459409594096,11591.3,11598,2020-12-02 08:34:34.947937
46.534132841328415,11591.4,11596,2020-12-02 08:36:34.988706
46.533210332103316,11591.6,11596,2020-12-02 08:38:35.025191
46.53274907749078,11591.7,11596,2020-12-02 08:40:35.061185
46.532287822878224,11591.8,11597,2020-12-02 08:42:35.098159
46.532287822878224,11591.8,11597,2020-12-02 08:44:35.135474
46.53090405904059,11592.1,11597,2020-12-02 08:46:35.176536
46.52952029520295,11592.4,11594,2020-12-02 08:48:35.214240
46.53044280442804,11592.2,11596,2020-12-02 08:50:35.253302
46.529059040590404,11592.5,11596,2020-12-02 08:52:35.290452
46.52952029520295,11592.4,11596,2020-12-02 08:54:35.327294
46.53044280442804,11592.2,11594,2020-12-02 08:56:35.363831
46.53090405904059,11592.1,11595,2020-12-02 08:58:35.401785
46.53136531365314,11592.0,11598,2020-12-02 09:00:35.438675
46.532287822878224,11591.8,11595,2020-12-02 09:02:35.475848
46.53274907749078,11591.7,11596,2020-12-02 09:04:35.512752
46.53367158671586,11591.5,11594,2020-12-02 09:06:35.550126
46.53367158671586,11591.5,11595,2020-12-02 09:08:35.589346
46.53367158671586,11591.5,11595,2020-12-02 09:10:35.627678
46.53551660516605,11591.1,11592,2020-12-02 09:12:35.665828
46.536900369003696,11590.8,11593,2020-12-02 09:14:35.706695
46.53643911439115,11590.9,11595,2020-12-02 09:16:35.743613
46.537361623616235,11590.7,11593,2020-12-02 09:18:35.781788
46.53874538745387,11590.4,11594,2020-12-02 09:20:35.823128
46.538284132841326,11590.5,11594,2020-12-02 09:22:35.861426
46.53874538745387,11590.4,11594,2020-12-02 09:24:35.899766
46.53782287822879,11590.6,11596,2020-12-02 09:26:35.939920
46.53782287822879,11590.6,11597,2020-12-02 09:28:35.980520
46.539206642066425,11590.3,11593,2020-12-02 09:30:36.020725
46.53782287822879,11590.6,11593,2020-12-02 09:32:36.063441
46.536900369003696,11590.8,11594,2020-12-02 09:34:36.105419
46.5359778597786,11591.0,11596,2020-12-02 09:36:36.145432
46.5359778597786,11591.0,11591,2020-12-02 09:38:36.183633
46.53643911439115,11590.9,11593,2020-12-02 09:40:36.225144
46.537361623616235,11590.7,11594,2020-12-02 09:42:36.262451
46.539206642066425,11590.3,11591,2020-12-02 09:44:36.303451
46.54151291512916,11589.8,11590,2020-12-02 09:46:36.342182
46.54381918819188,11589.3,11592,2020-12-02 09:48:36.383666
46.542435424354245,11589.6,11595,2020-12-02 09:50:36.420116
46.54381918819188,11589.3,11595,2020-12-02 09:52:36.458196
46.54335793357933,11589.4,11597,2020-12-02 09:54:36.495064
46.54612546125462,11588.8,11593,2020-12-02 09:56:36.531017
46.54658671586716,11588.7,11592,2020-12-02 09:58:36.568366
46.54658671586716,11588.7,11593,2020-12-02 10:00:36.606621
46.5479704797048,11588.4,11591,2020-12-02 10:02:36.645910
46.54658671586716,11588.7,11593,2020-12-02 10:04:36.683817
46.545664206642066,11588.9,11593,2020-12-02 10:06:36.722194
46.54612546125462,11588.8,11593,2020-12-02 10:08:36.759991
46.54843173431734,11588.3,11590,2020-12-02 10:10:36.797115
46.54935424354243,11588.1,11593,2020-12-02 10:12:36.835232
46.55027675276753,11587.9,11592,2020-12-02 10:14:36.873669
46.54935424354243,11588.1,11593,2020-12-02 10:16:36.911064
46.54981549815498,11588.0,11593,2020-12-02 10:18:36.948408
46.550738007380076,11587.8,11591,2020-12-02 10:20:36.987267
46.550738007380076,11587.8,11593,2020-12-02 10:22:37.025850
46.55166051660517,11587.6,11592,2020-12-02 10:24:37.064328
46.55350553505535,11587.2,11592,2020-12-02 10:26:37.102094
46.55166051660517,11587.6,11594,2020-12-02 10:28:37.139572
46.54981549815498,11588.0,11595,2020-12-02 10:30:37.176914
46.54935424354243,11588.1,11593,2020-12-02 10:32:37.215682
46.54935424354243,11588.1,11594,2020-12-02 10:34:37.255566
46.54935424354243,11588.1,11592,2020-12-02 10:36:37.292098
46.5479704797048,11588.4,11595,2020-12-02 10:38:37.332863
46.54612546125462,11588.8,11594,2020-12-02 10:40:37.371500
46.54428044280442,11589.2,11595,2020-12-02 10:42:37.410290
46.54335793357933,11589.4,11594,2020-12-02 10:44:37.446852
46.54105166051661,11589.9,11594,2020-12-02 10:46:37.484682
46.54151291512916,11589.8,11595,2020-12-02 10:48:37.521715
46.542435424354245,11589.6,11592,2020-12-02 10:50:37.559983
46.542435424354245,11589.6,11593,2020-12-02 10:52:37.596816
46.54428044280442,11589.2,11591,2020-12-02 10:54:37.633724
46.54474169741697,11589.1,11593,2020-12-02 10:56:37.670725
46.54474169741697,11589.1,11595,2020-12-02 10:58:37.708920
46.545664206642066,11588.9,11591,2020-12-02 11:00:37.747079
46.54658671586716,11588.7,11593,2020-12-02 11:02:37.784792
46.54612546125462,11588.8,11595,2020-12-02 11:04:37.821617
46.545664206642066,11588.9,11596,2020-12-02 11:06:37.860200
46.545664206642066,11588.9,11593,2020-12-02 11:08:37.897049
46.54658671586716,11588.7,11593,2020-12-02 11:10:37.934151
46.545664206642066,11588.9,11594,2020-12-02 11:12:37.971442
46.54381918819188,11589.3,11595,2020-12-02 11:14:38.008327
46.54197416974169,11589.7,11594,2020-12-02 11:16:38.046118
46.542435424354245,11589.6,11592,2020-12-02 11:18:38.082956
46.54289667896679,11589.5,11593,2020-12-02 11:20:38.119979
46.54289667896679,11589.5,11593,2020-12-02 11:22:38.157135
46.54474169741697,11589.1,11592,2020-12-02 11:24:38.195252
46.54612546125462,11588.8,11592,2020-12-02 11:26:38.232119
46.54381918819188,11589.3,11598,2020-12-02 11:28:38.268273
46.54012915129151,11590.1,11599,2020-12-02 11:30:38.306584
46.5359778597786,11591.0,11603,2020-12-02 11:32:38.343766
46.52952029520295,11592.4,11609,2020-12-02 11:34:38.380482
46.52167896678967,11594.1,11613,2020-12-02 11:36:38.417304
46.51291512915129,11596.0,11612,2020-12-02 11:38:38.455153
46.50184501845018,11598.4,11616,2020-12-02 11:40:38.492352
46.48985239852399,11601.0,11618,2020-12-02 11:42:38.530553
46.4760147601476,11604.0,11618,2020-12-02 11:44:38.567127
46.46217712177122,11607.0,11623,2020-12-02 11:46:38.605242
46.44741697416974,11610.2,11629,2020-12-02 11:48:38.643813
46.427121771217706,11614.6,11642,2020-12-02 11:50:38.681052
46.408210332103316,11618.7,11643,2020-12-02 11:52:38.717943
46.391143911439116,11622.4,11642,2020-12-02 11:54:38.754866
46.377306273062736,11625.4,11645,2020-12-02 11:56:38.791672
46.3630073800738,11628.5,11644,2020-12-02 11:58:38.828270
46.350092250922515,11631.3,11642,2020-12-02 12:00:38.866463
46.33809963099631,11633.9,11644,2020-12-02 12:02:38.904360
46.32656826568265,11636.4,11647,2020-12-02 12:04:38.942441
46.315036900369,11638.9,11647,2020-12-02 12:06:38.979300
46.30719557195572,11640.6,11648,2020-12-02 12:08:39.016047
46.304889298892995,11641.1,11647,2020-12-02 12:10:39.052591
46.302121771217706,11641.7,11651,2020-12-02 12:12:39.089884
46.30027675276752,11642.1,11651,2020-12-02 12:14:39.126774
46.29704797047971,11642.8,11649,2020-12-02 12:16:39.168694
46.29381918819189,11643.5,11651,2020-12-02 12:18:39.207522
46.29012915129152,11644.3,11652,2020-12-02 12:20:39.247327
46.28782287822879,11644.8,11650,2020-12-02 12:22:39.287025
46.311808118081174,11639.6,11591,2020-12-02 12:24:39.326528
46.33717712177121,11634.1,11590,2020-12-02 12:26:39.363434
46.36162361623617,11628.8,11595,2020-12-02 12:28:39.400227
46.38745387453874,11623.2,11593,2020-12-02 12:30:39.437425
46.41466789667897,11617.3,11593,2020-12-02 12:32:39.473690
46.44003690036901,11611.8,11596,2020-12-02 12:34:39.511716
46.46356088560886,11606.7,11598,2020-12-02 12:36:39.548452
46.48570110701107,11601.9,11605,2020-12-02 12:38:39.585176
46.50230627306273,11598.3,11617,2020-12-02 12:40:39.621956
46.50922509225093,11596.8,11634,2020-12-02 12:42:39.660120
46.48062730627306,11603.0,11653,2020-12-02 12:44:39.697222
46.45156826568267,11609.3,11653,2020-12-02 12:46:39.733920
46.42435424354243,11615.2,11653,2020-12-02 12:48:39.771120
46.396217712177126,11621.3,11655,2020-12-02 12:50:39.807950
46.36669741697417,11627.7,11654,2020-12-02 12:52:39.846338
46.33948339483395,11633.6,11652,2020-12-02 12:54:39.883059
46.34640221402214,11632.1,11585,2020-12-02 12:56:39.919839
46.353782287822874,11630.5,11589,2020-12-02 12:58:39.956632
46.362084870848705,11628.7,11599,2020-12-02 13:00:39.993360
46.37177121771218,11626.6,11616,2020-12-02 13:02:40.030080
46.37177121771218,11626.6,11658,2020-12-02 13:04:40.066931
46.372232472324725,11626.5,11652,2020-12-02 13:06:40.105725
46.37084870848709,11626.8,11655,2020-12-02 13:08:40.145431
46.36992619926199,11627.0,11652,2020-12-02 13:10:40.183155
46.37038745387454,11626.9,11654,2020-12-02 13:12:40.219865
46.37038745387454,11626.9,11653,2020-12-02 13:14:40.256827
46.369464944649444,11627.1,11586,2020-12-02 13:16:40.293634
46.36669741697417,11627.7,11595,2020-12-02 13:18:40.330900
46.36531365313653,11628.0,11602,2020-12-02 13:20:40.367917
46.362084870848705,11628.7,11621,2020-12-02 13:22:40.406130
46.36070110701107,11629.0,11660,2020-12-02 13:24:40.444449
46.35931734317344,11629.3,11658,2020-12-02 13:26:40.481063
46.3579335793358,11629.6,11658,2020-12-02 13:28:40.518259
46.35516605166051,11630.2,11659,2020-12-02 13:30:40.555540
46.35239852398524,11630.8,11660,2020-12-02 13:32:40.592240
46.349169741697416,11631.5,11659,2020-12-02 13:34:40.633201
46.31549815498155,11638.8,11660,2020-12-02 13:36:40.671478
46.28367158671587,11645.7,11659,2020-12-02 13:38:40.709223
46.25645756457565,11651.6,11659,2020-12-02 13:40:40.747783
46.23754612546125,11655.7,11662,2020-12-02 13:42:40.785331
46.26660516605167,11649.4,11594,2020-12-02 13:44:40.822321
46.291512915129154,11644.0,11602,2020-12-02 13:46:40.859117
46.31642066420664,11638.6,11606,2020-12-02 13:48:40.897356
46.33348708487085,11634.9,11625,2020-12-02 13:50:40.933909
46.3321033210332,11635.2,11664,2020-12-02 13:52:40.970576
46.32933579335794,11635.8,11665,2020-12-02 13:54:41.007249
46.32656826568265,11636.4,11665,2020-12-02 13:56:41.043938
46.32656826568265,11636.4,11661,2020-12-02 13:58:41.080474
46.32564575645757,11636.6,11661,2020-12-02 14:00:41.117340
46.35424354243543,11630.4,11601,2020-12-02 14:02:41.153053
46.35055350553505,11631.2,11604,2020-12-02 14:04:41.191567
46.32841328413284,11636.0,11650,2020-12-02 14:06:41.229902
46.30166051660517,11641.8,11661,2020-12-02 14:08:41.267839
46.28367158671587,11645.7,11663,2020-12-02 14:10:41.304606
46.285055350553506,11645.4,11659,2020-12-02 14:12:41.343137
46.28690036900369,11645.0,11661,2020-12-02 14:14:41.381589
46.3210332103321,11637.6,11591,2020-12-02 14:16:41.419953
46.349169741697416,11631.5,11602,2020-12-02 14:18:41.455527
46.36761992619927,11627.5,11619,2020-12-02 14:20:41.493333
46.33809963099631,11633.9,11664,2020-12-02 14:22:41.529991
46.30950184501845,11640.1,11664,2020-12-02 14:24:41.566757
46.30350553505536,11641.4,11663,2020-12-02 14:26:41.602635
46.302121771217706,11641.7,11664,2020-12-02 14:28:41.640962
46.302121771217706,11641.7,11663,2020-12-02 14:30:41.676960
46.30027675276752,11642.1,11665,2020-12-02 14:32:41.713704
46.297970479704794,11642.6,11665,2020-12-02 14:34:41.750423
46.263376383763834,11650.1,11666,2020-12-02 14:36:41.789779
46.263376383763834,11650.1,11601,2020-12-02 14:38:41.826827
46.27075645756457,11648.5,11608,2020-12-02 14:40:41.863765
46.29289667896679,11643.7,11618,2020-12-02 14:42:41.900131
46.29243542435425,11643.8,11667,2020-12-02 14:44:41.937038
46.291512915129154,11644.0,11665,2020-12-02 14:46:41.976179
46.291512915129154,11644.0,11665,2020-12-02 14:48:42.012977
46.289667896678964,11644.4,11667,2020-12-02 14:50:42.050401
46.28874538745388,11644.6,11667,2020-12-02 14:52:42.088484
46.32057195571956,11637.7,11599,2020-12-02 14:54:42.125463
46.347324723247226,11631.9,11610,2020-12-02 14:56:42.162345
46.32933579335794,11635.8,11639,2020-12-02 14:58:42.199479
46.30073800738007,11642.0,11670,2020-12-02 15:00:42.236268
46.27629151291514,11647.3,11667,2020-12-02 15:02:42.271426
46.275830258302584,11647.4,11667,2020-12-02 15:04:42.308499
46.275830258302584,11647.4,11666,2020-12-02 15:06:42.345463
46.30119926199262,11641.9,11608,2020-12-02 15:08:42.382345
46.316881918819185,11638.5,11631,2020-12-02 15:10:42.419333
46.31457564575646,11639.0,11670,2020-12-02 15:12:42.456321
46.281826568265686,11646.1,11668,2020-12-02 15:14:42.493328
46.25322878228783,11652.3,11670,2020-12-02 15:16:42.529849
46.23939114391145,11655.3,11670,2020-12-02 15:18:42.565663
46.26522140221402,11649.7,11613,2020-12-02 15:20:42.601244
46.26429889298893,11649.9,11670,2020-12-02 15:22:42.638028
46.26153136531366,11650.5,11672,2020-12-02 15:24:42.674767
46.25968634686347,11650.9,11669,2020-12-02 15:26:42.713302
46.2320110701107,11656.9,11672,2020-12-02 15:28:42.750071
46.2140221402214,11660.8,11672,2020-12-02 15:30:42.785923
46.244464944649444,11654.2,11602,2020-12-02 15:32:42.822535
46.268450184501845,11649.0,11619,2020-12-02 15:34:42.859326
46.26660516605167,11649.4,11675,2020-12-02 15:36:42.895977
46.26568265682657,11649.6,11672,2020-12-02 15:38:42.932608
46.23754612546125,11655.7,11673,2020-12-02 15:40:42.969533
46.23708487084871,11655.8,11672,2020-12-02 15:42:43.006225
46.26522140221402,11649.7,11612,2020-12-02 15:44:43.043894
46.26291512915128,11650.2,11675,2020-12-02 15:46:43.080509
46.261070110701105,11650.6,11674,2020-12-02 15:48:43.116688
46.25968634686347,11650.9,11674,2020-12-02 15:50:43.153371
46.25876383763837,11651.1,11606,2020-12-02 15:52:43.190440
46.25138376383764,11652.7,11633,2020-12-02 15:54:43.227413
46.25138376383764,11652.7,11673,2020-12-02 15:56:43.263098
46.25046125461255,11652.9,11674,2020-12-02 15:58:43.301866
46.2490774907749,11653.2,11676,2020-12-02 16:00:43.337619
46.24677121771218,11653.7,11675,2020-12-02 16:02:43.374341
46.23939114391145,11655.3,11629,2020-12-02 16:04:43.410925
46.23708487084871,11655.8,11680,2020-12-02 16:06:43.446693
46.23708487084871,11655.8,11676,2020-12-02 16:08:43.482471
46.23523985239852,11656.2,11675,2020-12-02 16:10:43.518502
46.20525830258302,11662.7,11672,2020-12-02 16:12:43.555356
46.21678966789668,11660.2,11607,2020-12-02 16:14:43.593945
46.238929889298895,11655.4,11627,2020-12-02 16:16:43.633269
46.235701107011074,11656.1,11679,2020-12-02 16:18:43.669883
46.23523985239852,11656.2,11675,2020-12-02 16:20:43.707815
46.235701107011074,11656.1,11677,2020-12-02 16:22:43.744998
46.21540590405904,11660.5,11672,2020-12-02 16:24:43.784208
46.24723247232472,11653.6,11611,2020-12-02 16:26:43.822215
46.263376383763834,11650.1,11638,2020-12-02 16:28:43.860688
46.26245387453874,11650.3,11678,2020-12-02 16:30:43.900388
46.26014760147602,11650.8,11674,2020-12-02 16:32:43.938805
46.22832103321033,11657.7,11676,2020-12-02 16:34:43.975602
46.22832103321033,11657.7,11622,2020-12-02 16:36:44.012225
46.22693726937269,11658.0,11683,2020-12-02 16:38:44.050845
46.22555350553505,11658.3,11678,2020-12-02 16:40:44.090448
46.227398523985244,11657.9,11671,2020-12-02 16:42:44.127114
46.226476014760145,11658.1,11674,2020-12-02 16:44:44.163921
46.22785977859779,11657.8,11608,2020-12-02 16:46:44.200471
46.231549815498155,11657.0,11633,2020-12-02 16:48:44.236773
46.233856088560884,11656.5,11674,2020-12-02 16:50:44.274790
46.233856088560884,11656.5,11674,2020-12-02 16:52:44.312880
46.23523985239852,11656.2,11671,2020-12-02 16:54:44.349254
46.24354243542436,11654.4,11605,2020-12-02 16:56:44.387329
46.26937269372694,11648.8,11628,2020-12-02 16:58:44.423867
46.27075645756457,11648.5,11676,2020-12-02 17:00:44.462186
46.27029520295203,11648.6,11673,2020-12-02 17:02:44.501492
46.26891143911439,11648.9,11675,2020-12-02 17:04:44.539994
46.23939114391145,11655.3,11672,2020-12-02 17:06:44.576722
46.21955719557196,11659.6,11675,2020-12-02 17:08:44.614983
46.25,11653.0,11611,2020-12-02 17:10:44.653100
46.27859778597786,11646.8,11614,2020-12-02 17:12:44.691590
46.30166051660517,11641.8,11625,2020-12-02 17:14:44.728105
46.27029520295203,11648.6,11675,2020-12-02 17:16:44.764639
46.24861623616236,11653.3,11673,2020-12-02 17:18:44.801810
46.25138376383764,11652.7,11672,2020-12-02 17:20:44.841338
46.25184501845019,11652.6,11671,2020-12-02 17:22:44.878287
46.254612546125465,11652.0,11672,2020-12-02 17:24:44.915344
46.28136531365313,11646.2,11612,2020-12-02 17:26:44.952138
46.299815498154985,11642.2,11636,2020-12-02 17:28:44.989011
46.26937269372694,11648.8,11675,2020-12-02 17:30:45.027278
46.24308118081181,11654.5,11672,2020-12-02 17:32:45.064306
46.2200184501845,11659.5,11673,2020-12-02 17:34:45.100173
46.22186346863468,11659.1,11670,2020-12-02 17:36:45.136618
46.22370848708487,11658.7,11669,2020-12-02 17:38:45.173469
46.2490774907749,11653.2,11616,2020-12-02 17:40:45.210470
46.27629151291514,11647.3,11614,2020-12-02 17:42:45.247711
46.303044280442805,11641.5,11611,2020-12-02 17:44:45.285148
46.30350553505536,11641.4,11611,2020-12-02 17:46:45.323024
46.31226937269373,11639.5,11614,2020-12-02 17:48:45.359531
46.34086715867159,11633.3,11613,2020-12-02 17:50:45.396397
46.36808118081181,11627.4,11613,2020-12-02 17:52:45.433334
46.396217712177126,11621.3,11611,2020-12-02 17:54:45.470295
46.42435424354243,11615.2,11611,2020-12-02 17:56:45.506655
46.450184501845015,11609.6,11614,2020-12-02 17:58:45.544472
46.45064575645756,11609.5,11613,2020-12-02 18:00:45.581420
46.451107011070114,11609.4,11614,2020-12-02 18:02:45.618326
46.4520295202952,11609.2,11612,2020-12-02 18:04:45.655191
46.4520295202952,11609.2,11615,2020-12-02 18:06:45.692003
46.4529520295203,11609.0,11613,2020-12-02 18:08:45.728818
46.4529520295203,11609.0,11613,2020-12-02 18:10:45.765758
46.45156826568267,11609.3,11614,2020-12-02 18:12:45.804321
46.4520295202952,11609.2,11612,2020-12-02 18:14:45.841183
46.45156826568267,11609.3,11612,2020-12-02 18:16:45.878159
46.45249077490775,11609.1,11612,2020-12-02 18:18:45.914974
46.4529520295203,11609.0,11613,2020-12-02 18:20:45.952663
46.45249077490775,11609.1,11613,2020-12-02 18:22:45.990512
46.4520295202952,11609.2,11613,2020-12-02 18:24:46.030335
46.45156826568267,11609.3,11613,2020-12-02 18:26:46.067175
46.45064575645756,11609.5,11614,2020-12-02 18:28:46.103754
46.450184501845015,11609.6,11615,2020-12-02 18:30:46.140412
46.45064575645756,11609.5,11616,2020-12-02 18:32:46.177077
46.450184501845015,11609.6,11613,2020-12-02 18:34:46.213753
46.44926199261993,11609.8,11614,2020-12-02 18:36:46.250622
46.44833948339483,11610.0,11614,2020-12-02 18:38:46.288877
46.4469557195572,11610.3,11615,2020-12-02 18:40:46.325828
46.44557195571956,11610.6,11616,2020-12-02 18:42:46.362403
46.44188191881919,11611.4,11617,2020-12-02 18:44:46.399882
46.44049815498155,11611.7,11617,2020-12-02 18:46:46.435406
46.439575645756456,11611.9,11618,2020-12-02 18:48:46.472289
46.43911439114391,11612.0,11616,2020-12-02 18:50:46.507992
46.43542435424355,11612.8,11621,2020-12-02 18:52:46.546556
46.43219557195572,11613.5,11619,2020-12-02 18:54:46.585204
46.42942804428044,11614.1,11618,2020-12-02 18:56:46.623740
46.428044280442805,11614.4,11615,2020-12-02 18:58:46.661014
46.42527675276753,11615.0,11621,2020-12-02 19:00:46.700013
46.42389298892989,11615.3,11617,2020-12-02 19:02:46.735854
46.42250922509225,11615.6,11620,2020-12-02 19:04:46.773318
46.42020295202952,11616.1,11623,2020-12-02 19:06:46.810688
46.41881918819188,11616.4,11621,2020-12-02 19:08:46.847651
46.41651291512915,11616.9,11619,2020-12-02 19:10:46.884872
46.41835793357934,11616.5,11618,2020-12-02 19:12:46.922190
46.419741697416974,11616.2,11617,2020-12-02 19:14:46.960968
46.42112546125461,11615.9,11616,2020-12-02 19:16:46.998223
46.422047970479696,11615.7,11615,2020-12-02 19:18:47.035594
46.425738007380076,11614.9,11616,2020-12-02 19:20:47.072400
46.427121771217706,11614.6,11616,2020-12-02 19:22:47.109880
46.42896678966789,11614.2,11617,2020-12-02 19:24:47.146671
46.431273062730625,11613.7,11614,2020-12-02 19:26:47.183934
46.43542435424355,11612.8,11610,2020-12-02 19:28:47.222055
46.43865313653136,11612.1,11615,2020-12-02 19:30:47.260642
46.44049815498155,11611.7,11615,2020-12-02 19:32:47.296697
46.441420664206646,11611.5,11616,2020-12-02 19:34:47.333641
46.44003690036901,11611.8,11621,2020-12-02 19:36:47.370565
46.44095940959409,11611.6,11616,2020-12-02 19:38:47.407375
46.44049815498155,11611.7,11616,2020-12-02 19:40:47.444502
46.441420664206646,11611.5,11616,2020-12-02 19:42:47.481458
46.44234317343173,11611.3,11615,2020-12-02 19:44:47.518415
46.44326568265682,11611.1,11615,2020-12-02 19:46:47.555800
46.44234317343173,11611.3,11614,2020-12-02 19:48:47.592649
46.44188191881919,11611.4,11612,2020-12-02 19:50:47.629571
46.44280442804428,11611.2,11615,2020-12-02 19:52:47.666619
46.44234317343173,11611.3,11617,2020-12-02 19:54:47.703404
46.44280442804428,11611.2,11618,2020-12-02 19:56:47.741826
46.44188191881919,11611.4,11615,2020-12-02 19:58:47.778788
46.441420664206646,11611.5,11615,2020-12-02 20:00:47.815731
46.44234317343173,11611.3,11613,2020-12-02 20:02:47.852520
46.43773062730627,11612.3,11625,2020-12-02 20:04:47.889480
46.43680811808119,11612.5,11617,2020-12-02 20:06:47.926683
46.43819188191881,11612.2,11612,2020-12-02 20:08:47.963587
46.43911439114391,11612.0,11611,2020-12-02 20:10:48.000417
46.439575645756456,11611.9,11611,2020-12-02 20:12:48.037274
46.44003690036901,11611.8,11615,2020-12-02 20:14:48.074143
46.44280442804428,11611.2,11612,2020-12-02 20:16:48.111065
46.44418819188192,11610.9,11614,2020-12-02 20:18:48.148112
46.445110701107005,11610.7,11614,2020-12-02 20:20:48.185110
46.444649446494466,11610.8,11614,2020-12-02 20:22:48.223464
46.44880073800738,11609.9,11616,2020-12-02 20:24:48.260374
46.44926199261993,11609.8,11614,2020-12-02 20:26:48.295496
46.4469557195572,11610.3,11615,2020-12-02 20:28:48.334221
46.444649446494466,11610.8,11616,2020-12-02 20:30:48.372696
46.44280442804428,11611.2,11616,2020-12-02 20:32:48.411582
46.441420664206646,11611.5,11616,2020-12-02 20:34:48.447909
46.43911439114391,11612.0,11616,2020-12-02 20:36:48.485102
46.43773062730627,11612.3,11615,2020-12-02 20:38:48.521772
46.43819188191881,11612.2,11616,2020-12-02 20:40:48.558520
46.436346863468636,11612.6,11617,2020-12-02 20:42:48.595539
46.43726937269372,11612.4,11617,2020-12-02 20:44:48.632175
46.43773062730627,11612.3,11615,2020-12-02 20:46:48.669024
46.43819188191881,11612.2,11616,2020-12-02 20:48:48.707366
46.439575645756456,11611.9,11615,2020-12-02 20:50:48.744026
46.44095940959409,11611.6,11613,2020-12-02 20:52:48.780870
46.44095940959409,11611.6,11617,2020-12-02 20:54:48.817743
46.44418819188192,11610.9,11610,2020-12-02 20:56:48.856472
46.44833948339483,11610.0,11606,2020-12-02 20:58:48.895269
46.45064575645756,11609.5,11610,2020-12-02 21:00:48.932751
46.45249077490775,11609.1,11612,2020-12-02 21:02:48.970413
46.45479704797047,11608.6,11608,2020-12-02 21:04:49.007281
46.45664206642066,11608.2,11609,2020-12-02 21:06:49.043764
46.458487084870846,11607.8,11609,2020-12-02 21:08:49.080881
46.460332103321036,11607.4,11610,2020-12-02 21:10:49.119150
46.460332103321036,11607.4,11610,2020-12-02 21:12:49.156557
46.46356088560886,11606.7,11609,2020-12-02 21:14:49.193406
46.4640221402214,11606.6,11610,2020-12-02 21:16:49.230634
46.46217712177122,11607.0,11611,2020-12-02 21:18:49.269221
46.461715867158674,11607.1,11608,2020-12-02 21:20:49.306009
46.461715867158674,11607.1,11610,2020-12-02 21:22:49.341811
46.46217712177122,11607.0,11611,2020-12-02 21:24:49.378102
46.46263837638377,11606.9,11611,2020-12-02 21:26:49.415587
46.46217712177122,11607.0,11611,2020-12-02 21:28:49.453896
46.461715867158674,11607.1,11611,2020-12-02 21:30:49.492327
46.46263837638377,11606.9,11610,2020-12-02 21:32:49.530873
46.46356088560886,11606.7,11608,2020-12-02 21:34:49.566627
46.46309963099632,11606.8,11610,2020-12-02 21:36:49.603420
46.46217712177122,11607.0,11612,2020-12-02 21:38:49.639959
46.46309963099632,11606.8,11608,2020-12-02 21:40:49.676725
46.46448339483394,11606.5,11610,2020-12-02 21:42:49.713416
46.4640221402214,11606.6,11609,2020-12-02 21:44:49.750068
46.46263837638377,11606.9,11611,2020-12-02 21:46:49.786926
46.46448339483394,11606.5,11608,2020-12-02 21:48:49.825100
46.46448339483394,11606.5,11610,2020-12-02 21:50:49.861809
46.46540590405904,11606.3,11607,2020-12-02 21:52:49.898494
46.4640221402214,11606.6,11610,2020-12-02 21:54:49.935244
46.46309963099632,11606.8,11611,2020-12-02 21:56:49.971049
46.46448339483394,11606.5,11610,2020-12-02 21:58:50.007754
46.46217712177122,11607.0,11611,2020-12-02 22:00:50.044814
46.45987084870848,11607.5,11613,2020-12-02 22:02:50.081531
46.458487084870846,11607.8,11614,2020-12-02 22:04:50.118491
46.4589483394834,11607.7,11612,2020-12-02 22:06:50.156671
46.45664206642066,11608.2,11612,2020-12-02 22:08:50.193349
46.45479704797047,11608.6,11615,2020-12-02 22:10:50.230138
46.45249077490775,11609.1,11612,2020-12-02 22:12:50.266618
46.451107011070114,11609.4,11616,2020-12-02 22:14:50.303526
46.45064575645756,11609.5,11614,2020-12-02 22:16:50.343413
46.44926199261993,11609.8,11613,2020-12-02 22:18:50.380358
46.450184501845015,11609.6,11610,2020-12-02 22:20:50.417255
46.45156826568267,11609.3,11610,2020-12-02 22:22:50.454072
46.453413284132836,11608.9,11609,2020-12-02 22:24:50.492971
46.45433579335793,11608.7,11609,2020-12-02 22:26:50.529911
46.455258302583026,11608.5,11611,2020-12-02 22:28:50.566933
46.45710332103321,11608.1,11611,2020-12-02 22:30:50.604056
46.45940959409594,11607.6,11609,2020-12-02 22:32:50.640962
46.46309963099632,11606.8,11608,2020-12-02 22:34:50.678149
46.46586715867158,11606.2,11608,2020-12-02 22:36:50.714562
46.46678966789668,11606.0,11609,2020-12-02 22:38:50.751581
46.467712177121776,11605.8,11609,2020-12-02 22:40:50.788458
46.470018450184504,11605.3,11607,2020-12-02 22:42:50.825432
46.47094095940959,11605.1,11606,2020-12-02 22:44:50.862272
46.47094095940959,11605.1,11609,2020-12-02 22:46:50.898504
46.47186346863469,11604.9,11610,2020-12-02 22:48:50.935442
46.47370848708488,11604.5,11605,2020-12-02 22:50:50.972232
46.473247232472325,11604.6,11608,2020-12-02 22:52:51.007884
46.47232472324724,11604.8,11608,2020-12-02 22:54:51.045061
46.47232472324724,11604.8,11605,2020-12-02 22:56:51.082387
46.47278597785978,11604.7,11609,2020-12-02 22:58:51.118809
46.47278597785978,11604.7,11609,2020-12-02 23:00:51.156074
46.47140221402214,11605.0,11611,2020-12-02 23:02:51.192812
46.47140221402214,11605.0,11610,2020-12-02 23:04:51.229726
46.473247232472325,11604.6,11607,2020-12-02 23:06:51.266640
46.47370848708488,11604.5,11609,2020-12-02 23:08:51.303603
46.47278597785978,11604.7,11607,2020-12-02 23:10:51.339663
46.473247232472325,11604.6,11607,2020-12-02 23:12:51.376683
46.47278597785978,11604.7,11608,2020-12-02 23:14:51.412558
46.47232472324724,11604.8,11607,2020-12-02 23:16:51.450754
46.473247232472325,11604.6,11607,2020-12-02 23:18:51.488679
46.474169741697416,11604.4,11605,2020-12-02 23:20:51.525586
46.475553505535046,11604.1,11605,2020-12-02 23:22:51.561759
46.4750922509225,11604.2,11606,2020-12-02 23:24:51.598719
46.47370848708488,11604.5,11607,2020-12-02 23:26:51.636017
46.47370848708488,11604.5,11606,2020-12-02 23:28:51.672946
46.47463099630996,11604.3,11606,2020-12-02 23:30:51.710360
46.474169741697416,11604.4,11608,2020-12-02 23:32:51.747944
46.4760147601476,11604.0,11606,2020-12-02 23:34:51.786850
46.47739852398524,11603.7,11606,2020-12-02 23:36:51.823763
46.47739852398524,11603.7,11607,2020-12-02 23:38:51.861153
46.4760147601476,11604.0,11607,2020-12-02 23:40:51.898520
46.475553505535046,11604.1,11608,2020-12-02 23:42:51.934493
46.475553505535046,11604.1,11607,2020-12-02 23:44:51.971386
46.475553505535046,11604.1,11610,2020-12-02 23:46:52.009724
46.47463099630996,11604.3,11607,2020-12-02 23:48:52.046532
46.47370848708488,11604.5,11609,2020-12-02 23:50:52.083598
46.47370848708488,11604.5,11609,2020-12-02 23:52:52.120331
46.47186346863469,11604.9,11607,2020-12-02 23:54:52.157205
46.470018450184504,11605.3,11610,2020-12-02 23:56:52.193956
46.46909594095941,11605.5,11605,2020-12-02 23:58:52.231332
46.46955719557195,11605.4,11608,2020-12-03 00:00:52.273388
46.46863468634687,11605.6,11610,2020-12-03 00:02:52.309129
46.46909594095941,11605.5,11608,2020-12-03 00:04:52.348483
46.47047970479704,11605.2,11603,2020-12-03 00:06:52.385204
46.47232472324724,11604.8,11606,2020-12-03 00:08:52.422288
46.47232472324724,11604.8,11609,2020-12-03 00:10:52.460257
46.474169741697416,11604.4,11604,2020-12-03 00:12:52.500569
46.47647601476015,11603.9,11603,2020-12-03 00:14:52.540799
46.4769372693727,11603.8,11604,2020-12-03 00:16:52.576848
46.47878228782288,11603.4,11607,2020-12-03 00:18:52.614037
46.47878228782288,11603.4,11607,2020-12-03 00:20:52.649707
46.48016605166051,11603.1,11607,2020-12-03 00:22:52.685529
46.48016605166051,11603.1,11603,2020-12-03 00:24:52.721613
46.47878228782288,11603.4,11607,2020-12-03 00:26:52.763133
46.475553505535046,11604.1,11613,2020-12-03 00:28:52.799591
46.474169741697416,11604.4,11610,2020-12-03 00:30:52.840423
46.470018450184504,11605.3,11615,2020-12-03 00:32:52.881250
46.46448339483394,11606.5,11613,2020-12-03 00:34:52.917610
46.46125461254612,11607.2,11614,2020-12-03 00:36:52.952794
46.46079335793358,11607.3,11608,2020-12-03 00:38:52.989304
46.46263837638377,11606.9,11602,2020-12-03 00:40:53.025567
46.461715867158674,11607.1,11607,2020-12-03 00:42:53.061845
46.46125461254612,11607.2,11608,2020-12-03 00:44:53.101459
46.461715867158674,11607.1,11606,2020-12-03 00:46:53.138086
46.46356088560886,11606.7,11606,2020-12-03 00:48:53.174087
46.46540590405904,11606.3,11606,2020-12-03 00:50:53.211050
46.46863468634687,11605.6,11607,2020-12-03 00:52:53.251394
46.47232472324724,11604.8,11607,2020-12-03 00:54:53.292859
46.4750922509225,11604.2,11608,2020-12-03 00:56:53.331907
46.475553505535046,11604.1,11604,2020-12-03 00:58:53.371641
46.47463099630996,11604.3,11605,2020-12-03 01:00:53.409074
46.475553505535046,11604.1,11605,2020-12-03 01:02:53.448429
46.475553505535046,11604.1,11609,2020-12-03 01:04:53.489118
46.4750922509225,11604.2,11609,2020-12-03 01:06:53.529114
46.475553505535046,11604.1,11606,2020-12-03 01:08:53.565764
46.4750922509225,11604.2,11605,2020-12-03 01:10:53.602987
46.4750922509225,11604.2,11605,2020-12-03 01:12:53.638950
46.475553505535046,11604.1,11609,2020-12-03 01:14:53.674932
46.475553505535046,11604.1,11608,2020-12-03 01:16:53.714225
46.47463099630996,11604.3,11605,2020-12-03 01:18:53.751860
46.47463099630996,11604.3,11605,2020-12-03 01:20:53.794527
46.473247232472325,11604.6,11608,2020-12-03 01:22:53.835226
46.47370848708488,11604.5,11605,2020-12-03 01:24:53.871163
46.47370848708488,11604.5,11606,2020-12-03 01:26:53.910555
46.473247232472325,11604.6,11608,2020-12-03 01:28:53.945895
46.47278597785978,11604.7,11609,2020-12-03 01:30:53.985809
46.47186346863469,11604.9,11608,2020-12-03 01:32:54.021494
46.47094095940959,11605.1,11606,2020-12-03 01:34:54.058353
46.47140221402214,11605.0,11608,2020-12-03 01:36:54.094033
46.47094095940959,11605.1,11609,2020-12-03 01:38:54.129935
46.470018450184504,11605.3,11607,2020-12-03 01:40:54.166353
46.47186346863469,11604.9,11605,2020-12-03 01:42:54.202352
46.47232472324724,11604.8,11607,2020-12-03 01:44:54.240286
46.47140221402214,11605.0,11611,2020-12-03 01:46:54.276472
46.467712177121776,11605.8,11614,2020-12-03 01:48:54.312876
46.46678966789668,11606.0,11611,2020-12-03 01:50:54.353195
46.46586715867158,11606.2,11611,2020-12-03 01:52:54.392200
46.46356088560886,11606.7,11613,2020-12-03 01:54:54.431158
46.46263837638377,11606.9,11610,2020-12-03 01:56:54.467908
46.46356088560886,11606.7,11603,2020-12-03 01:58:54.508925
46.4640221402214,11606.6,11605,2020-12-03 02:00:54.549895
46.464944649446494,11606.4,11602,2020-12-03 02:02:54.588401
46.46725092250923,11605.9,11602,2020-12-03 02:04:54.627135
46.46909594095941,11605.5,11605,2020-12-03 02:06:54.664044
46.47370848708488,11604.5,11605,2020-12-03 02:08:54.699733
46.47647601476015,11603.9,11607,2020-12-03 02:10:54.736096
46.48062730627306,11603.0,11602,2020-12-03 02:12:54.772967
46.48523985239852,11602.0,11601,2020-12-03 02:14:54.809555
46.488468634686356,11601.3,11603,2020-12-03 02:16:54.846638
46.48985239852399,11601.0,11603,2020-12-03 02:18:54.882510
46.492158671586715,11600.5,11602,2020-12-03 02:20:54.922785
46.491236162361616,11600.7,11604,2020-12-03 02:22:54.962231
46.49077490774908,11600.8,11602,2020-12-03 02:24:54.999838
46.49261992619926,11600.4,11602,2020-12-03 02:26:55.038444
46.49446494464945,11600.0,11600,2020-12-03 02:28:55.075347
46.49584870848709,11599.7,11600,2020-12-03 02:30:55.111397
46.49630996309963,11599.6,11600,2020-12-03 02:32:55.149416
46.49677121771217,11599.5,11601,2020-12-03 02:34:55.186011
46.49815498154981,11599.2,11602,2020-12-03 02:36:55.224917
46.49953874538746,11598.9,11598,2020-12-03 02:38:55.263502
46.49907749077491,11599.0,11602,2020-12-03 02:40:55.299242
46.5009225092251,11598.6,11603,2020-12-03 02:42:55.335920
46.50184501845018,11598.4,11599,2020-12-03 02:44:55.380834
46.503690036900366,11598.0,11597,2020-12-03 02:46:55.416870
46.504612546125465,11597.8,11600,2020-12-03 02:48:55.455961
46.5059963099631,11597.5,11598,2020-12-03 02:50:55.494497
46.50738007380073,11597.2,11597,2020-12-03 02:52:55.536163
46.50922509225093,11596.8,11598,2020-12-03 02:54:55.572700
46.50922509225093,11596.8,11597,2020-12-03 02:56:55.609739
46.50968634686347,11596.7,11599,2020-12-03 02:58:55.645837
46.51107011070111,11596.4,11599,2020-12-03 03:00:55.682067
46.51107011070111,11596.4,11599,2020-12-03 03:02:55.718451
46.50968634686347,11596.7,11598,2020-12-03 03:04:55.764930
46.50830258302583,11597.0,11597,2020-12-03 03:06:55.800608
46.50830258302583,11597.0,11599,2020-12-03 03:08:55.841313
46.50784132841328,11597.1,11600,2020-12-03 03:10:55.878872
46.50691881918819,11597.3,11600,2020-12-03 03:12:55.916262
46.50691881918819,11597.3,11599,2020-12-03 03:14:55.952329
46.50691881918819,11597.3,11599,2020-12-03 03:16:55.988514
46.50691881918819,11597.3,11599,2020-12-03 03:18:56.024618
46.50691881918819,11597.3,11600,2020-12-03 03:20:56.066168
46.50784132841328,11597.1,11597,2020-12-03 03:22:56.102793
46.50922509225093,11596.8,11599,2020-12-03 03:24:56.142867
46.510147601476014,11596.6,11600,2020-12-03 03:26:56.182333
46.51060885608857,11596.5,11600,2020-12-03 03:28:56.230227
46.51153136531365,11596.3,11599,2020-12-03 03:30:56.267711
46.51107011070111,11596.4,11600,2020-12-03 03:32:56.303534
46.50968634686347,11596.7,11600,2020-12-03 03:34:56.339768
46.50830258302583,11597.0,11603,2020-12-03 03:36:56.379249
46.50876383763838,11596.9,11597,2020-12-03 03:38:56.418445
46.50968634686347,11596.7,11596,2020-12-03 03:40:56.458338
46.51060885608857,11596.5,11595,2020-12-03 03:42:56.505883
46.51060885608857,11596.5,11599,2020-12-03 03:44:56.544634
46.511992619926204,11596.2,11597,2020-12-03 03:46:56.582694
46.51245387453874,11596.1,11596,2020-12-03 03:48:56.622214
46.51291512915129,11596.0,11596,2020-12-03 03:50:56.660135
46.51476014760148,11595.6,11598,2020-12-03 03:52:56.696569
46.51706642066421,11595.1,11598,2020-12-03 03:54:56.732927
46.51983394833948,11594.5,11597,2020-12-03 03:56:56.772404
46.52167896678967,11594.1,11594,2020-12-03 03:58:56.811190
46.522601476014756,11593.9,11597,2020-12-03 04:00:56.851262
46.522601476014756,11593.9,11594,2020-12-03 04:02:56.888006
46.52306273062731,11593.8,11598,2020-12-03 04:04:56.928507
46.522601476014756,11593.9,11597,2020-12-03 04:06:56.965684
46.523985239852394,11593.6,11596,2020-12-03 04:08:57.001539
46.52352398523985,11593.7,11595,2020-12-03 04:10:57.038912
46.52444649446495,11593.5,11595,2020-12-03 04:12:57.076353
46.52490774907749,11593.4,11596,2020-12-03 04:14:57.113632
46.52490774907749,11593.4,11596,2020-12-03 04:16:57.152540
46.522601476014756,11593.9,11597,2020-12-03 04:18:57.190953
46.52167896678967,11594.1,11597,2020-12-03 04:20:57.229559
46.52167896678967,11594.1,11596,2020-12-03 04:22:57.269730
46.52214022140222,11594.0,11600,2020-12-03 04:24:57.307064
46.522601476014756,11593.9,11593,2020-12-03 04:26:57.343194
46.52121771217712,11594.2,11597,2020-12-03 04:28:57.379422
46.520295202952035,11594.4,11598,2020-12-03 04:30:57.417901
46.51983394833948,11594.5,11597,2020-12-03 04:32:57.459572
46.518450184501845,11594.8,11597,2020-12-03 04:34:57.499363
46.51706642066421,11595.1,11599,2020-12-03 04:36:57.536923
46.518450184501845,11594.8,11597,2020-12-03 04:38:57.573430
46.51891143911438,11594.7,11596,2020-12-03 04:40:57.609627
46.51891143911438,11594.7,11597,2020-12-03 04:42:57.645871
46.519372693726936,11594.6,11596,2020-12-03 04:44:57.684776
46.51891143911438,11594.7,11597,2020-12-03 04:46:57.723959
46.519372693726936,11594.6,11596,2020-12-03 04:48:57.763878
46.52121771217712,11594.2,11596,2020-12-03 04:50:57.800209
46.52121771217712,11594.2,11595,2020-12-03 04:52:57.839299
46.52214022140222,11594.0,11594,2020-12-03 04:54:57.875206
46.523985239852394,11593.6,11594,2020-12-03 04:56:57.911772
46.52444649446495,11593.5,11594,2020-12-03 04:58:57.951766
46.52490774907749,11593.4,11596,2020-12-03 05:00:57.989294
46.525369003690045,11593.3,11596,2020-12-03 05:02:58.029940
46.525830258302584,11593.2,11596,2020-12-03 05:04:58.067797
46.525369003690045,11593.3,11597,2020-12-03 05:06:58.108395
46.52490774907749,11593.4,11597,2020-12-03 05:08:58.146695
46.525369003690045,11593.3,11591,2020-12-03 05:10:58.183355
46.525830258302584,11593.2,11596,2020-12-03 05:12:58.219917
46.525830258302584,11593.2,11597,2020-12-03 05:14:58.256695
46.52675276752768,11593.0,11592,2020-12-03 05:16:58.296483
46.52629151291513,11593.1,11595,2020-12-03 05:18:58.334957
46.52721402214023,11592.9,11593,2020-12-03 05:20:58.375257
46.52767527675277,11592.8,11594,2020-12-03 05:22:58.411660
46.529059040590404,11592.5,11591,2020-12-03 05:24:58.453280
46.531826568265686,11591.9,11592,2020-12-03 05:26:58.492758
46.534132841328415,11591.4,11593,2020-12-03 05:28:58.531161
46.53367158671586,11591.5,11594,2020-12-03 05:30:58.567736
46.534132841328415,11591.4,11594,2020-12-03 05:32:58.606145
46.53459409594096,11591.3,11595,2020-12-03 05:34:58.644672
46.53551660516605,11591.1,11591,2020-12-03 05:36:58.685361
46.53782287822879,11590.6,11593,2020-12-03 05:38:58.726508
46.538284132841326,11590.5,11593,2020-12-03 05:40:58.765609
46.54012915129151,11590.1,11591,2020-12-03 05:42:58.802194
46.54105166051661,11589.9,11590,2020-12-03 05:44:58.841320
46.540590405904055,11590.0,11590,2020-12-03 05:46:58.885894
46.540590405904055,11590.0,11594,2020-12-03 05:48:58.928637
46.54197416974169,11589.7,11594,2020-12-03 05:50:58.969320
46.54335793357933,11589.4,11589,2020-12-03 05:52:59.007582
46.54520295202952,11589.0,11592,2020-12-03 05:54:59.047267
46.545664206642066,11588.9,11591,2020-12-03 05:56:59.083988
46.545664206642066,11588.9,11591,2020-12-03 05:58:59.125417
46.54658671586716,11588.7,11590,2020-12-03 06:00:59.161749
46.54658671586716,11588.7,11589,2020-12-03 06:02:59.199109
46.54843173431734,11588.3,11589,2020-12-03 06:04:59.237588
46.54981549815498,11588.0,11590,2020-12-03 06:06:59.276555
46.55166051660517,11587.6,11587,2020-12-03 06:08:59.314902
46.552583025830266,11587.4,11589,2020-12-03 06:10:59.352173
46.553966789667896,11587.1,11587,2020-12-03 06:12:59.392134
46.55488929889299,11586.9,11589,2020-12-03 06:14:59.428661
46.555350553505534,11586.8,11590,2020-12-03 06:16:59.469097
46.55581180811807,11586.7,11586,2020-12-03 06:18:59.506071
46.555350553505534,11586.8,11590,2020-12-03 06:20:59.548513
46.556273062730625,11586.6,11589,2020-12-03 06:22:59.589744
46.55350553505535,11587.2,11590,2020-12-03 06:24:59.625509
46.553966789667896,11587.1,11587,2020-12-03 06:26:59.665860
46.553966789667896,11587.1,11589,2020-12-03 06:28:59.702444
46.554428044280435,11587.0,11586,2020-12-03 06:30:59.740844
46.554428044280435,11587.0,11588,2020-12-03 06:32:59.782210
46.55488929889299,11586.9,11588,2020-12-03 06:34:59.821375
46.555350553505534,11586.8,11589,2020-12-03 06:36:59.864550
46.556273062730625,11586.6,11588,2020-12-03 06:38:59.905170
46.55673431734317,11586.5,11589,2020-12-03 06:40:59.945566
46.557195571955724,11586.4,11588,2020-12-03 06:42:59.983457
46.559963099631,11585.8,11587,2020-12-03 06:45:00.022604
46.55811808118081,11586.2,11592,2020-12-03 06:47:00.057672
46.55765682656827,11586.3,11589,2020-12-03 06:49:00.094516
46.55765682656827,11586.3,11590,2020-12-03 06:51:00.139886
46.55673431734317,11586.5,11590,2020-12-03 06:53:00.175722
46.556273062730625,11586.6,11589,2020-12-03 06:55:00.211955
46.556273062730625,11586.6,11588,2020-12-03 06:57:00.250441
46.556273062730625,11586.6,11588,2020-12-03 06:59:00.288830
46.55581180811807,11586.7,11592,2020-12-03 07:01:00.327969
46.554428044280435,11587.0,11588,2020-12-03 07:03:00.365436
46.55304428044281,11587.3,11590,2020-12-03 07:05:00.405213
46.556273062730625,11586.6,11586,2020-12-03 07:07:00.442078
46.557195571955724,11586.4,11590,2020-12-03 07:09:00.482275
46.55857933579336,11586.1,11586,2020-12-03 07:11:00.518956
46.56042435424354,11585.7,11586,2020-12-03 07:13:00.556194
46.561346863468636,11585.5,11586,2020-12-03 07:15:00.593723
46.56319188191882,11585.1,11585,2020-12-03 07:17:00.635165
46.564575645756456,11584.8,11585,2020-12-03 07:19:00.673714
46.567804428044276,11584.1,11584,2020-12-03 07:21:00.712717
46.57149446494465,11583.3,11583,2020-12-03 07:23:00.751292
46.57287822878229,11583.0,11587,2020-12-03 07:25:00.787499
46.57287822878229,11583.0,11583,2020-12-03 07:27:00.826286
46.573800738007385,11582.8,11586,2020-12-03 07:29:00.867301
46.57518450184502,11582.5,11586,2020-12-03 07:31:00.904514
46.576107011070114,11582.3,11584,2020-12-03 07:33:00.944842
46.57749077490775,11582.0,11587,2020-12-03 07:35:00.981017
46.57749077490775,11582.0,11585,2020-12-03 07:37:01.018261
46.5779520295203,11581.9,11584,2020-12-03 07:39:01.053061
46.57749077490775,11582.0,11587,2020-12-03 07:41:01.089344
46.57656826568265,11582.2,11585,2020-12-03 07:43:01.128173
46.5779520295203,11581.9,11587,2020-12-03 07:45:01.163850
46.5779520295203,11581.9,11582,2020-12-03 07:47:01.199677
46.57887453874538,11581.7,11583,2020-12-03 07:49:01.237409
46.57887453874538,11581.7,11583,2020-12-03 07:51:01.276011
46.579335793357934,11581.6,11583,2020-12-03 07:53:01.315775
46.58025830258303,11581.4,11581,2020-12-03 07:55:01.351752
46.58118081180811,11581.2,11583,2020-12-03 07:57:01.392435
46.581642066420656,11581.1,11583,2020-12-03 07:59:01.436001
46.582564575645755,11580.9,11582,2020-12-03 08:01:01.471867
46.58302583025831,11580.8,11584,2020-12-03 08:03:01.512264
46.58302583025831,11580.8,11584,2020-12-03 08:05:01.548514
46.58394833948339,11580.6,11583,2020-12-03 08:07:01.590030
46.58394833948339,11580.6,11581,2020-12-03 08:09:01.629757
46.584409594095945,11580.5,11582,2020-12-03 08:11:01.667733
46.583487084870846,11580.7,11581,2020-12-03 08:13:01.703888
46.58394833948339,11580.6,11583,2020-12-03 08:15:01.744373
46.58302583025831,11580.8,11584,2020-12-03 08:17:01.784856
46.58302583025831,11580.8,11583,2020-12-03 08:19:01.821576
46.582564575645755,11580.9,11585,2020-12-03 08:21:01.857310
46.582564575645755,11580.9,11583,2020-12-03 08:23:01.895398
46.58302583025831,11580.8,11582,2020-12-03 08:25:01.931793
46.58394833948339,11580.6,11582,2020-12-03 08:27:01.969411
46.584409594095945,11580.5,11583,2020-12-03 08:29:02.008425
46.58487084870849,11580.4,11581,2020-12-03 08:31:02.045528
46.58625461254612,11580.1,11582,2020-12-03 08:33:02.084457
46.58579335793358,11580.2,11581,2020-12-03 08:35:02.122211
46.58625461254612,11580.1,11583,2020-12-03 08:37:02.160676
46.587638376383765,11579.8,11580,2020-12-03 08:39:02.200983
46.588099630996304,11579.7,11584,2020-12-03 08:41:02.240311
46.589483394833955,11579.4,11579,2020-12-03 08:43:02.281216
46.59040590405904,11579.2,11581,2020-12-03 08:45:02.318113
46.59132841328413,11579.0,11579,2020-12-03 08:47:02.355103
46.59132841328413,11579.0,11580,2020-12-03 08:49:02.392775
46.593173431734314,11578.6,11578,2020-12-03 08:51:02.431437
46.59225092250922,11578.8,11584,2020-12-03 08:53:02.471440
46.593173431734314,11578.6,11580,2020-12-03 08:55:02.510893
46.59409594095941,11578.4,11582,2020-12-03 08:57:02.546753
46.59363468634686,11578.5,11580,2020-12-03 08:59:02.587624
46.59455719557196,11578.3,11581,2020-12-03 09:01:02.623848
46.59409594095941,11578.4,11579,2020-12-03 09:03:02.665900
46.59409594095941,11578.4,11580,2020-12-03 09:05:02.703025
46.59271217712176,11578.7,11583,2020-12-03 09:07:02.744613
46.59363468634686,11578.5,11581,2020-12-03 09:09:02.785014
46.59225092250922,11578.8,11581,2020-12-03 09:11:02.824863
46.59363468634686,11578.5,11581,2020-12-03 09:13:02.861522
46.593173431734314,11578.6,11580,2020-12-03 09:15:02.899629
46.593173431734314,11578.6,11581,2020-12-03 09:17:02.936642
46.59409594095941,11578.4,11580,2020-12-03 09:19:02.975169
46.59547970479705,11578.1,11580,2020-12-03 09:21:03.011617
46.596402214022135,11577.9,11580,2020-12-03 09:23:03.048475
46.59778597785977,11577.6,11578,2020-12-03 09:25:03.085703
46.598247232472325,11577.5,11582,2020-12-03 09:27:03.125819
46.598247232472325,11577.5,11582,2020-12-03 09:29:03.164534
46.59870848708487,11577.4,11578,2020-12-03 09:31:03.203502
46.59916974169742,11577.3,11577,2020-12-03 09:33:03.243464
46.59963099630996,11577.2,11581,2020-12-03 09:35:03.283366
46.60055350553506,11577.0,11579,2020-12-03 09:37:03.324906
46.60055350553506,11577.0,11579,2020-12-03 09:39:03.366922
46.59963099630996,11577.2,11579,2020-12-03 09:41:03.408636
46.59916974169742,11577.3,11580,2020-12-03 09:43:03.447949
46.597324723247226,11577.7,11581,2020-12-03 09:45:03.485378
46.59778597785977,11577.6,11580,2020-12-03 09:47:03.523755
46.598247232472325,11577.5,11580,2020-12-03 09:49:03.562176
46.59870848708487,11577.4,11578,2020-12-03 09:51:03.599049
46.60009225092251,11577.1,11579,2020-12-03 09:53:03.640975
46.6019372693727,11576.7,11578,2020-12-03 09:55:03.680615
46.6019372693727,11576.7,11580,2020-12-03 09:57:03.721692
46.601476014760145,11576.8,11579,2020-12-03 09:59:03.764228
46.60239852398524,11576.6,11581,2020-12-03 10:01:03.804874
46.603321033210335,11576.4,11578,2020-12-03 10:03:03.841546
46.60424354243542,11576.2,11580,2020-12-03 10:05:03.877561
46.60516605166052,11576.0,11579,2020-12-03 10:07:03.914047
46.60470479704797,11576.1,11580,2020-12-03 10:09:03.951079
46.60470479704797,11576.1,11578,2020-12-03 10:11:03.988020
46.60470479704797,11576.1,11578,2020-12-03 10:13:04.031021
46.60424354243542,11576.2,11576,2020-12-03 10:15:04.071449
46.6070110701107,11575.6,11574,2020-12-03 10:17:04.108532
46.60839483394834,11575.3,11576,2020-12-03 10:19:04.145227
46.60885608856088,11575.2,11577,2020-12-03 10:21:04.183502
46.60885608856088,11575.2,11579,2020-12-03 10:23:04.221335
46.60931734317343,11575.1,11578,2020-12-03 10:25:04.257493
46.609778597785976,11575.0,11578,2020-12-03 10:27:04.296642
46.611623616236166,11574.6,11578,2020-12-03 10:29:04.333510
46.61254612546125,11574.4,11578,2020-12-03 10:31:04.376873
46.6130073800738,11574.3,11576,2020-12-03 10:33:04.414409
46.61346863468634,11574.2,11575,2020-12-03 10:35:04.451035
46.61208487084871,11574.5,11576,2020-12-03 10:37:04.488546
46.61208487084871,11574.5,11576,2020-12-03 10:39:04.525677
46.6130073800738,11574.3,11576,2020-12-03 10:41:04.564051
46.61346863468634,11574.2,11577,2020-12-03 10:43:04.602737
46.61531365313654,11573.8,11576,2020-12-03 10:45:04.642617
46.61531365313654,11573.8,11577,2020-12-03 10:47:04.678751
46.61577490774908,11573.7,11578,2020-12-03 10:49:04.714117
46.61531365313654,11573.8,11577,2020-12-03 10:51:04.751354
46.614852398523986,11573.9,11575,2020-12-03 10:53:04.793002
46.614852398523986,11573.9,11575,2020-12-03 10:55:04.834912
46.61531365313654,11573.8,11577,2020-12-03 10:57:04.874224
46.61623616236162,11573.6,11575,2020-12-03 10:59:04.912851
46.616697416974176,11573.5,11577,2020-12-03 11:01:04.954256
46.61761992619926,11573.3,11576,2020-12-03 11:03:04.990646
46.618081180811814,11573.2,11574,2020-12-03 11:05:05.027694
46.619464944649444,11572.9,11575,2020-12-03 11:07:05.064112
46.619464944649444,11572.9,11574,2020-12-03 11:09:05.101337
46.621309963099634,11572.5,11573,2020-12-03 11:11:05.136941
46.62177121771218,11572.4,11577,2020-12-03 11:13:05.172946
46.623616236162356,11572.0,11571,2020-12-03 11:15:05.209499
46.625461254612546,11571.6,11573,2020-12-03 11:17:05.249787
46.62684501845019,11571.3,11571,2020-12-03 11:19:05.290391
46.626383763837644,11571.4,11575,2020-12-03 11:21:05.327197
46.62776752767528,11571.1,11573,2020-12-03 11:23:05.364656
46.62730627306273,11571.2,11574,2020-12-03 11:25:05.401300
46.62776752767528,11571.1,11574,2020-12-03 11:27:05.438641
46.62822878228783,11571.0,11571,2020-12-03 11:29:05.476577
46.62822878228783,11571.0,11575,2020-12-03 11:31:05.515970
46.62961254612546,11570.7,11573,2020-12-03 11:33:05.552166
46.62822878228783,11571.0,11576,2020-12-03 11:35:05.591238
46.62776752767528,11571.1,11572,2020-12-03 11:37:05.627024
46.62684501845019,11571.3,11574,2020-12-03 11:39:05.662100
46.62776752767528,11571.1,11575,2020-12-03 11:41:05.697902
46.628690036900366,11570.9,11571,2020-12-03 11:43:05.738987
46.62915129151292,11570.8,11571,2020-12-03 11:45:05.776226
46.62915129151292,11570.8,11572,2020-12-03 11:47:05.812546
46.630073800738,11570.6,11574,2020-12-03 11:49:05.850057
46.63053505535055,11570.5,11573,2020-12-03 11:51:05.890488
46.630073800738,11570.6,11574,2020-12-03 11:53:05.929122
46.631457564575655,11570.3,11571,2020-12-03 11:55:05.968257
46.6309963099631,11570.4,11571,2020-12-03 11:57:06.004993
46.6309963099631,11570.4,11575,2020-12-03 11:59:06.043014
46.6309963099631,11570.4,11573,2020-12-03 12:01:06.078967
46.63053505535055,11570.5,11572,2020-12-03 12:03:06.118524
46.6309963099631,11570.4,11573,2020-12-03 12:05:06.157037
46.6309963099631,11570.4,11573,2020-12-03 12:07:06.194053
46.63053505535055,11570.5,11573,2020-12-03 12:09:06.234569
46.63053505535055,11570.5,11573,2020-12-03 12:11:06.274060
46.630073800738,11570.6,11573,2020-12-03 12:13:06.310207
46.62961254612546,11570.7,11572,2020-12-03 12:15:06.347024
46.62961254612546,11570.7,11572,2020-12-03 12:17:06.389103
46.62961254612546,11570.7,11574,2020-12-03 12:19:06.428148
46.62961254612546,11570.7,11573,2020-12-03 12:21:06.464479
46.62915129151292,11570.8,11572,2020-12-03 12:23:06.505093
46.628690036900366,11570.9,11574,2020-12-03 12:25:06.543012
46.628690036900366,11570.9,11574,2020-12-03 12:27:06.585066
46.628690036900366,11570.9,11572,2020-12-03 12:29:06.620050
46.62822878228783,11571.0,11574,2020-12-03 12:31:06.658375
